image_id,qr_index,x0,y0,x1,y1,x2,y2,x3,y3,content
2656508531_jpg.rf.e3471da597bbb5c678c7b81a9444a45a,0,76.04,80.18,161.54,79.99,161.69,149.65,76.19,149.84,http://www.sneakyparties.com.au
2879826877_jpg.rf.e5a0a919ca06cd38041277acc8078c7c,0,314.96,422.74,394.84,417.32,402.01,523.06,322.12,528.47,HTTP://TMORE.MOBI/ALBERTO
2879826877_jpg.rf.e5a0a919ca06cd38041277acc8078c7c,1,205.92,303.09,284.1,299.5,288.83,402.36,210.65,405.95,I love QR Code
2879826877_jpg.rf.e5a0a919ca06cd38041277acc8078c7c,2,104.5,309.9,182.85,310.21,182.45,409.1,104.1,408.79,HTTP://TMORE.MOBI/ALBERTO
IMG_20220601_162857_jpg.rf.e37733db42ffb9cfe2084c2b7e0e0859,0,227.14,344.76,252.72,346.2,251.65,365.24,226.07,363.81,
IMG_20220601_162857_jpg.rf.e37733db42ffb9cfe2084c2b7e0e0859,1,324.71,253.32,340.8,254.22,339.93,269.86,323.84,268.97,
1932429740_jpg.rf.e6a7bf47534a5bac958e9fa0bfbac030,0,314.74,208.9,356.42,218.56,342.9,276.86,301.22,267.19,
glareimage012_jpg.rf.ef40b6d1d694679efbbdd5dbdc2050b4,0,270.62,361.56,355.58,362.51,354.74,436.93,269.79,435.97,
4_jpg.rf.ea7bb9bcb849a248b176040568902d1c,0,89.82,49.04,579.97,48.23,580.68,478.83,90.52,479.63,http://www.lubes.id/197/U7PEuBaeC
2963262766_jpg.rf.e8429960e4f10a86b74c7976796d3a69,0,373.94,397.77,388.96,396.18,391.43,419.45,376.41,421.05,
2566618981_jpg.rf.eaa911b50263633865aeceec80f1186a,0,318.82,347.5,451.26,353.34,446.63,458.1,314.2,452.26,http://qyouare.com/about
2686038510_jpg.rf.e1a2b8871ca7abaf5b98783b8f691fa6,0,373.68,432.19,451.03,430.62,452.18,487.44,374.82,489.01,https://wap.ladbrokes.com
4528956445_jpg.rf.ea901d7683b238bd820f68c12502a7cb,0,250.09,34.67,323.74,41.52,315.21,133.27,241.55,126.41,http://www.lincolnlibraries.org/info/Hours_locations_and_phone_numbers.htm
4286729304_jpg.rf.ef718eae4d45201d5c779a8d471ed20f,0,410.85,281.88,452.87,266.02,482.61,344.8,440.59,360.66,http://tinyurl.com/ya34dz9
2908131194_jpg.rf.ecab4063e54ecd9be7b09b3910ba574d,0,221.76,312.87,397.86,311.59,398.81,443.37,222.71,444.65,http://brunnerdigital.com/interact08
blurredimage030_jpg.rf.e5cf7057a6c5f1983a7ded7ab0a7ee95,0,387.42,342.67,496.39,349.07,491.13,438.74,382.16,432.34,http://goo.gl/ErBxV
2686139452_jpg.rf.e2f1958b1febbb9f78b1603f49a2af47,0,13.66,477.12,86.2,476.38,87.21,574.82,14.67,575.56,"AIオフィシャルファンクラブサイト「AI music」
http://www.AImusic.tv/"
brightnessimage023_jpg.rf.e7c7a64e440c247584fa0c14af6acefa,0,443.95,257.98,545.52,258.25,545.3,339.36,443.74,339.09,Version 1 QR
brightnessimage023_jpg.rf.e7c7a64e440c247584fa0c14af6acefa,1,400.08,367.18,510.64,368.54,509.6,453.22,399.03,451.86,Version 2 QR Code Test Image
brightnessimage023_jpg.rf.e7c7a64e440c247584fa0c14af6acefa,2,144.8,253.4,330.76,248.94,334.16,390.77,148.21,395.24,ABC 123456789 ABC 123456789 ABC 123456789 ABC 123456789 ABC 123456789 ABC 123456789 ABC 123456789 ABC 123456789 ABC 123456789 ABC 123456789 ABC 123456789 ABC 123456789 ABC 123456789 ABC 123456789 ABC 123456789
5241281672_jpg.rf.ee1b15753a5c459f127e227698a177f8,0,62.2,474.43,186.12,479.01,182.8,569.11,58.88,564.54,http://qr2.it/Go/46924
glareimage017_jpg.rf.ed771eb7a086b3de49fff17bb70ea2f1,0,180.8,273.11,481.57,275.09,480.16,489.12,179.4,487.14,http://uqr.me/acgovdehvehicles
high_versionimage018_jpg.rf.eed99bfbd2b397d7ec0f652ba6828f54,0,53.57,34.03,597.33,43.32,588.31,570.78,44.55,561.48,"QR code (abbreviated from Quick Response Code) is the trademark for a type of matrix barcode (or two-dimensional barcode) first designed in 1994 for the automotive industry in Japan.[1] A barcode is a machine-readable optical label that contains information about the item to which it is attached. In practice, QR codes often contain data for a locator, identifier, or tracker that points to a website or application. A QR code uses four standardized encoding modes (numeric, alphanumeric, byte/binary, and kanji) to store data efficiently; extensions may also be used.[2]
sdfgksjdflkgjsdkfgiotmbx,cmvbofghjoaasdfaERYYKLLDFGSDFFFFFFFFFFFFFFFFFFFFFF"
curvedimage049_jpg.rf.ec8ecfdecbc33b3f51fec80ce2c41922,0,81.97,144.73,533.29,156.06,523.52,545.03,72.2,533.7,http://www.youtube.com/watch?v=7qa6Bho4OyM&feature=share&list=PLk13TE2t32tgRCVo0q8tTB1CyZyMDQCNH&index=10
4956470281_jpg.rf.ed0cbb1c0b8fcf8de7c8e6d9044d3097,0,13.67,429.8,65.5,431.94,63.06,491.23,11.23,489.09,http://organicallyspeaking.org/pccqr/?id=57
1134131119_jpg.rf.ed5baa9448306c95940068ba1c6069ad,0,419.82,263.34,510.61,218.65,565.27,329.7,474.48,374.39,
glareimage040_jpg.rf.ef11e7f0f75db08bb7d3ac5723cf1c6d,0,123.06,90.08,545.7,108.84,527.73,513.6,105.09,494.83,http://www.youtube.com/watch?v=7qa6Bho4OyM&feature=share&list=PLk13TE2t32tgRCVo0q8tTB1CyZyMDQCNH&index=10
brightnessimage014_jpg.rf.e355ea0ce26036d0cc224f5831ae86a3,0,367.23,293.92,397.05,296.48,395.21,317.9,365.39,315.34,
brightnessimage014_jpg.rf.e355ea0ce26036d0cc224f5831ae86a3,1,358.89,317.68,391.7,320.1,390.03,342.82,357.21,340.4,
brightnessimage014_jpg.rf.e355ea0ce26036d0cc224f5831ae86a3,2,304.07,292.4,349.5,295.99,346.8,330.13,301.36,326.53,
4917222006_jpg.rf.ece6925763291c22ac63961d200e1a70,0,451.05,107.03,608.79,108.09,607.25,338.25,449.52,337.2,http://dlpc.es/qpjk
4917222006_jpg.rf.ece6925763291c22ac63961d200e1a70,1,102.54,351.86,177.51,348.71,180.77,426.24,105.79,429.38,
0494045485_jpg.rf.e6c1fe8917c8f2db08674e958eae35ed,0,209.16,245.97,440.23,234.68,454.85,533.74,223.78,545.03,
blurredimage005_jpg.rf.f19ad89862a8d291f95743c86218a29f,0,308.61,337.25,433.85,338.05,433.26,431.74,308.01,430.95,Version 2 QR Code Test Image
blurredimage005_jpg.rf.f19ad89862a8d291f95743c86218a29f,1,35.98,204.98,241.15,205.42,240.81,364.1,35.64,363.66,ABC 123456789 ABC 123456789 ABC 123456789 ABC 123456789 ABC 123456789 ABC 123456789 ABC 123456789 ABC 123456789 ABC 123456789 ABC 123456789 ABC 123456789 ABC 123456789 ABC 123456789 ABC 123456789 ABC 123456789
blurredimage005_jpg.rf.f19ad89862a8d291f95743c86218a29f,2,364.16,220.32,475.21,220.74,474.87,307.83,363.82,307.4,Version 1 QR
IMG_20220604_164253_jpg.rf.f1df64ce9b47f73b90813425c9b11648,0,188.25,413.1,238.45,414.96,237.05,452.89,186.85,451.03,
5117982907_jpg.rf.f20b8ecca85b7d1818958394431c066e,0,342.3,265.21,429.51,261.43,434.85,384.91,347.65,388.69,http://pcb.fm/od/5
5117982907_jpg.rf.f20b8ecca85b7d1818958394431c066e,1,115.51,392.48,182.91,392.58,182.76,491.74,115.36,491.63,http://pcb.fm/od/7
2716844652_jpg.rf.f4446bc4e4b6e33a285b11f92d1c40bf,0,288.95,348.67,326.88,375.12,302.41,410.22,264.48,383.77,147979153
high_versionimage019_jpg.rf.f735f77fc33613b55767e7d1559331b5,0,23.8,25.81,603.3,32.88,596.29,607.43,16.79,600.36,"QR code (abbreviated from Quick Response Code) is the trademark for a type of matrix barcode (or two-dimensional barcode) first designed in 1994 for the automotive industry in Japan.[1] A barcode is a machine-readable optical label that contains information about the item to which it is attached. In practice, QR codes often contain data for a locator, identifier, or tracker that points to a website or application. A QR code uses four standardized encoding modes (numeric, alphanumeric, byte/binary, and kanji) to store data efficiently; extensions may also be used.[2]
sdfgksjdflkgjsdkfgiotmbx,cmvbofghjoaasdfaERYYKLLDFGSDFFFFFFFFFFFFFFFFFFFFFF"
5117983633_jpg.rf.f46461108709752cc20389c0604103d0,0,365.53,508.05,388.98,507.76,389.39,541.01,365.94,541.3,
5117983633_jpg.rf.f46461108709752cc20389c0604103d0,1,450.33,390.88,479.46,389.37,481.78,433.88,452.65,435.4,http://pcb.fm/od/3
rotationsimage004_jpg.rf.f55e736ffc3e1b6e2a25e7acba43e067,0,302.98,188.42,430.31,189.47,429.57,279.25,302.24,278.2,Version 1 QR
rotationsimage004_jpg.rf.f55e736ffc3e1b6e2a25e7acba43e067,1,416.49,266.63,564.74,262.91,567.51,373.39,419.26,377.1,Version 2 QR Code Test Image
rotationsimage004_jpg.rf.f55e736ffc3e1b6e2a25e7acba43e067,2,127.4,337.46,381.9,332.65,385.54,525.23,131.04,530.04,ABC 123456789 ABC 123456789 ABC 123456789 ABC 123456789 ABC 123456789 ABC 123456789 ABC 123456789 ABC 123456789 ABC 123456789 ABC 123456789 ABC 123456789 ABC 123456789 ABC 123456789 ABC 123456789 ABC 123456789
IMG_20220602_172150_jpg.rf.fcc9fc0d716298a573810cc76f75d798,0,369.18,225.14,407.15,222.22,409.14,248.11,371.17,251.03,
IMG_20220602_172150_jpg.rf.fcc9fc0d716298a573810cc76f75d798,1,443.48,409.08,476.8,411.12,475.58,430.9,442.27,428.85,
IMG_20220602_172150_jpg.rf.fcc9fc0d716298a573810cc76f75d798,2,230.26,149.01,270.62,148.6,270.94,180.07,230.58,180.47,
bright_spotsimage029_jpg.rf.f0d7bae76ed2548b20973418cba30bc6,0,446.92,256.89,546.49,257.44,546.04,339.35,446.47,338.8,Version 1 QR
bright_spotsimage029_jpg.rf.f0d7bae76ed2548b20973418cba30bc6,1,399.83,364.46,509.84,367.34,507.53,455.61,397.52,452.73,Version 2 QR Code Test Image
bright_spotsimage029_jpg.rf.f0d7bae76ed2548b20973418cba30bc6,2,147.45,250.29,338.27,250.38,338.21,396.75,147.38,396.66,ABC 123456789 ABC 123456789 ABC 123456789 ABC 123456789 ABC 123456789 ABC 123456789 ABC 123456789 ABC 123456789 ABC 123456789 ABC 123456789 ABC 123456789 ABC 123456789 ABC 123456789 ABC 123456789 ABC 123456789
curvedimage029_jpg.rf.f808e92b62e32319b82a34d22f18c5dd,0,321.48,344.15,356.62,350.05,351.97,377.76,316.82,371.86,
curvedimage029_jpg.rf.f808e92b62e32319b82a34d22f18c5dd,1,566.0,131.91,629.23,165.01,607.26,207.0,544.03,173.9,
4071142993_jpg.rf.fa8658a322ed3fe8a1b83b6f803845c4,0,122.12,414.9,162.47,415.57,161.51,472.99,121.17,472.31,
IMG_20220602_155756_jpg.rf.f6500029d5a796840f3259341f8cc077,0,140.45,454.05,258.26,436.66,270.61,520.39,152.8,537.77,https://vejasp.abril.com.br/coluna/marcelo-copello-vinho-algo-mais/toscanos/
glareimage001_jpg.rf.f5f1e18fa01aadd62855351b5bc8053c,0,157.07,388.42,226.68,378.63,235.33,440.14,165.72,449.93,
1103_U72oYkT2C_jpg.rf.f8df74eb25cc07cdbcd0a16ff54bd2a6,0,231.59,273.61,409.21,273.87,409.0,420.48,231.37,420.22,http://www.lubes.id/197/U72oYkT2C
2781830325_jpg.rf.f24e182c9fa7ca64210785a84b683961,0,322.81,303.29,479.64,331.21,458.3,451.09,301.47,423.16,http://m.ralphlauren.com/default.aspx?ab=nym
4941559651_jpg.rf.fa9d47928b07ef125f71a933798629bd,0,224.38,381.29,255.79,365.36,281.11,415.27,249.7,431.2,
5098699881_jpg.rf.f54f7f4acecf65b7e4e9a724e2148ea4,0,197.73,350.13,274.13,349.51,274.96,452.78,198.56,453.4,http://snap.vu/5h8z
nominalimage017_jpg.rf.f9db3d80c7114e9283700437cb15cbce,0,68.16,218.01,288.95,200.35,304.05,389.08,83.26,406.74,http://www.lonelyplanet.com/
3359230395_jpg.rf.fbbfabab7302d100d3efcbc0c2e9ba08,0,241.45,200.93,354.4,202.12,353.42,294.99,240.47,293.81,URL:http://www.cityofmanor.org/smartcode/smartcode1.html
perspectiveimage008_jpg.rf.fe5c7aca599dfdd9e9218d82290289fa,0,231.24,247.39,317.97,241.63,328.74,403.88,242.01,409.64,TEST 10 CM
5243755298_jpg.rf.fdc668c82408304511921f6ed68e20bf,0,87.21,137.06,232.35,137.14,232.24,335.38,87.1,335.29,http://www.mobile.hellovenezia.com/mobile/it/rete-di-navigazione/s-marco-vallaresso.html
5275251433_jpg.rf.f318573f6bc0ed7ca38c2733d1a60146,0,142.55,379.19,395.65,342.93,415.06,478.4,161.95,514.66,HTTP://WWW.QRARTS.COM
0193927093_jpg.rf.1418fb337aac78778df364a0a8f5ec5b,0,215.19,234.79,322.59,219.01,341.52,347.89,234.12,363.66,http://en.wikipedia.org/wiki/Spime
IMG_20220530_164835_jpg.rf.17b07633f61ae0b9084d7dfd2f80b132,0,350.55,147.96,391.42,144.71,394.35,181.63,353.48,184.88,
0330745745_jpg.rf.1f9243017c5f150b39c54ba1753f9a54,0,305.76,375.47,365.59,375.57,365.45,455.37,305.62,455.27,
4763260540_jpg.rf.232d3db687a6d00758dbad6971afeec4,0,309.41,203.2,546.22,196.01,555.22,492.31,318.41,499.5,http://maps.google.com/m/place?hl=en&georestrict=input_srcid%3Aca968773fc387bbf&utm_medium=QR
curvedimage045_jpg.rf.0f41b97593d650ee661ec46f5af4a742,0,67.2,69.66,556.48,72.68,553.61,538.24,64.32,535.22,http://www.youtube.com/watch?v=7qa6Bho4OyM&feature=share&list=PLk13TE2t32tgRCVo0q8tTB1CyZyMDQCNH&index=10
5148591627_jpg.rf.1cdcbbc3ab79bb3b42ce86d2ed6f5fca,0,224.8,199.24,420.35,203.2,416.6,387.76,221.06,383.8,http://media.payzen.eu/b2
4823426566_jpg.rf.0bbb13ea8ba04ca0c3475b7abffdce0b,0,156.13,79.55,457.75,48.94,495.22,418.25,193.6,448.86,http://keithdeverell.net/30.php
2595337510_jpg.rf.0cd17a402cae13c332266fe611e95477,0,223.91,302.18,264.24,300.63,266.25,353.04,225.92,354.59,http://japan.linkbox.eu
2595337510_jpg.rf.0cd17a402cae13c332266fe611e95477,1,403.74,300.37,423.36,300.68,422.96,326.74,403.33,326.44,
4401_W4V5aRQjB_jpg.rf.105de5d97d4efce52cedaa92c84d87ad,0,165.34,165.52,490.81,195.99,463.41,488.65,137.94,458.17,http://lubes.id/191/W4V5aRQjB
closeimage030_jpg.rf.1c82cd49e7e5891bd9847ef9604e3a31,0,36.13,137.94,590.68,132.03,595.57,591.49,41.02,597.4,ABC 123456789 ABC 123456789 ABC 123456789 ABC 123456789 ABC 123456789 ABC 123456789 ABC 123456789 ABC 123456789 ABC 123456789 ABC 123456789 ABC 123456789 ABC 123456789 ABC 123456789 ABC 123456789 ABC 123456789
noncompliantimage002_jpg.rf.0ba4349166d278645c72005c4d51a76c,0,69.39,237.16,304.57,228.5,317.49,579.22,82.31,587.89,http://q-r.to/bafD2I
noncompliantimage002_jpg.rf.0ba4349166d278645c72005c4d51a76c,1,303.78,84.07,498.21,54.9,542.04,347.06,347.6,376.23,http://q-r.to/baf6RY
5046378711_jpg.rf.136afcfa07411242eb45f634b8a88d1e,0,520.04,331.78,551.72,333.86,550.1,358.53,518.41,356.44,
IMG_20220602_172324_jpg.rf.129d697440645424bb8b75c57948fbba,0,335.45,311.73,403.52,311.6,403.63,365.33,335.55,365.47,https://wa.me/message/OCXSQ6ZD3X3AF1?src=qr
IMG_20220602_172324_jpg.rf.129d697440645424bb8b75c57948fbba,1,169.05,306.18,241.32,305.37,241.95,361.76,169.68,362.57,https://www.instagram.com/thecaptainsbarbershop/
pathologicalimage011_png_jpg.rf.1f331d696a2b888c7b32410238e337f8,0,50.77,45.61,584.05,51.51,578.09,591.33,44.8,585.43,MAILTO:name@myemail.com
4349887791_jpg.rf.17115f267fc07839cb1e964e662f0069,0,100.2,86.73,345.37,21.01,449.81,410.6,204.64,476.33,http://www.ttbeauty.com/timessq/
rotationsimage010_jpg.rf.227719e032302170a858e2d62a81a9e1,0,355.68,349.16,570.66,369.51,555.37,531.07,340.39,510.72,ABC 123456789 ABC 123456789 ABC 123456789 ABC 123456789 ABC 123456789 ABC 123456789 ABC 123456789 ABC 123456789 ABC 123456789 ABC 123456789 ABC 123456789 ABC 123456789 ABC 123456789 ABC 123456789 ABC 123456789
rotationsimage010_jpg.rf.227719e032302170a858e2d62a81a9e1,1,131.0,330.65,254.24,334.69,251.23,426.46,127.99,422.42,Version 1 QR
rotationsimage010_jpg.rf.227719e032302170a858e2d62a81a9e1,2,227.93,223.66,363.88,234.91,355.46,336.7,219.5,325.45,Version 2 QR Code Test Image
IMG_20220601_164254_jpg.rf.0bb5fa497351f2e36564fa21f1a9a350,0,223.36,81.4,273.79,58.89,316.43,154.42,266.0,176.93,
IMG_20220601_164254_jpg.rf.0bb5fa497351f2e36564fa21f1a9a350,1,310.23,125.93,359.1,103.68,413.65,223.47,364.78,245.72,
4059282918_jpg.rf.15695cf30d491e6e40e542a49a6bfd6a,0,61.63,142.01,336.71,147.87,329.04,507.72,53.95,501.85,
4059282918_jpg.rf.15695cf30d491e6e40e542a49a6bfd6a,1,329.82,184.59,472.04,175.18,490.91,460.3,348.68,469.71,
4613809117_jpg.rf.1cc6d261d22d514a05b002cddc4ddf52,0,328.26,455.66,377.68,458.99,375.3,494.24,325.88,490.9,
blurredimage014_jpg.rf.1cd1fcb4fda7be97b92543f229eb329b,0,126.67,174.3,190.12,174.85,189.41,255.92,125.96,255.37,http://flydulles.com/survey
4872978369_jpg.rf.168d8f035b22b6a3a1951b0174d1ba1e,0,178.84,63.83,279.84,68.74,274.95,169.08,173.96,164.16,
4872978369_jpg.rf.168d8f035b22b6a3a1951b0174d1ba1e,1,256.35,72.13,273.23,74.22,271.57,87.71,254.68,85.62,
closeimage038_jpg.rf.0ba05c588f3cb66f1a852a6271305dc9,0,31.35,250.94,619.99,256.09,617.04,592.77,28.4,587.62,VERSION 1 6CM
IMG_20220602_160416_jpg.rf.0e7b0a4af019d3a3497c0fe824121f2b,0,345.94,395.09,445.37,393.09,446.96,471.91,347.53,473.91,https://veja.abril.com.br/blog/radar/?utm_source=qrcode&utm_medium=revista&utm_campaign=Se%C3%A7%C3%A3o%20Radar
2413404095_jpg.rf.0fba6583d7951a817772d13fbc9f895b,0,143.27,433.07,476.85,395.74,498.94,593.1,165.36,630.43,http://www.b3ok.org
664_U7JGADtrC_jpg.rf.1a2b948593dde942b66674783f9692bd,0,96.37,61.57,579.94,62.83,578.84,486.02,95.27,484.77,http://www.lubes.id/197/U7JGADtrC
damagedimage014_jpg.rf.23e098c3fc1a988af837dfec236314f0,0,74.19,107.87,529.87,109.48,528.35,537.13,72.67,535.51,
4501_W4vVKpWjB_jpg.rf.26c2fe6ca840dbffeca384f8f1a7970a,0,211.33,135.82,429.99,126.81,438.7,338.21,220.04,347.22,http://lubes.id/191/W4vVKpWjB
curvedimage036_jpg.rf.23b22f84532760fdce85fa35cc5dcf29,0,297.45,335.93,410.49,337.13,409.25,454.9,296.21,453.7,
shadowsimage010_jpg.rf.2773704bcee4df3a9bc0da5010a6a873,0,111.57,159.64,408.62,103.26,470.35,428.52,173.31,484.9,HTTPS://NUTS.COM/QR/retail_piece/51707477?sku=7030-01
nominalimage043_jpg.rf.2a312b4f50c167fe5b85a1d7fd27705a,0,259.67,260.35,308.0,263.77,305.91,293.27,257.58,289.84,
nominalimage043_jpg.rf.2a312b4f50c167fe5b85a1d7fd27705a,1,241.19,244.41,258.03,245.8,256.94,259.04,240.09,257.65,
closeimage018_jpg.rf.27de960a2eab6594a1ab3c31fa54cf6f,0,29.28,95.47,623.05,93.08,624.89,549.31,31.12,551.71,VERSION 2 8CM
IMG_20220602_170338_jpg.rf.296c289cacc5024481e9ced45627b9b4,0,340.83,488.97,380.54,491.24,379.35,512.15,339.64,509.89,
5210682827_jpg.rf.328c82608e6b8e5fc8ffcd8d9c67046a,0,279.08,552.2,376.61,550.19,378.1,622.53,280.57,624.54,KIWICON4
5121473172_jpg.rf.2e3d3b29754bbabd1bb6939b24e2ae79,0,251.67,483.13,345.92,485.51,342.54,619.53,248.29,617.15,"Filipe Vieira Lopes (B-)
912681205
Yamaha WR 250F"
5121473172_jpg.rf.2e3d3b29754bbabd1bb6939b24e2ae79,1,465.64,525.78,535.63,526.1,535.2,619.88,465.21,619.56,"Filipe Vieira Lopes (B-)
912681205
Yamaha WR 250F"
5121473172_jpg.rf.2e3d3b29754bbabd1bb6939b24e2ae79,2,385.76,521.6,451.38,522.98,449.37,618.55,383.74,617.16,"Filipe Vieira Lopes (B-)
912681205
Yamaha WR 250F"
5121473172_jpg.rf.2e3d3b29754bbabd1bb6939b24e2ae79,3,138.94,484.04,220.44,490.06,211.33,613.37,129.83,607.35,"Filipe Vieira Lopes (B-)
912681205
Yamaha WR 250F"
5121473172_jpg.rf.2e3d3b29754bbabd1bb6939b24e2ae79,4,64.28,516.96,121.54,520.86,115.43,610.64,58.17,606.74,"Jo瓊o Branco (O-)
916875540
Honda XR 400R"
5121473172_jpg.rf.2e3d3b29754bbabd1bb6939b24e2ae79,5,4.27,516.61,55.11,519.55,50.05,607.06,-0.79,604.12,
5330422656_jpg.rf.2e791b365e92e95add0e9318b62e80d0,0,403.4,250.36,528.81,251.56,527.35,404.31,401.94,403.11,http://ebongo.org/stop/7035
curvedimage030_jpg.rf.26c5b5fcb1f3b6d2d4da580776dc22f2,0,316.68,249.42,511.82,252.78,508.22,462.07,313.08,458.72,IPN:J68574-001 D/C:2017/10/13
2423605457_jpg.rf.2a46b7d4dccf41d30184201d97741826,0,175.87,265.74,293.92,264.38,295.5,402.34,177.45,403.69,http://taiko-dojo.net/entry/fDpW9VJdYWGsV-VJMIW6DL
curvedimage043_jpg.rf.2f11de42046e623853b153b804eb389e,0,135.43,282.83,350.04,129.87,513.55,359.29,298.93,512.24,43445177
3910499736_jpg.rf.2e8abe2aad4693d928896512d45cdef6,0,269.0,195.57,432.95,184.36,441.77,313.27,277.82,324.49,http://p8t.ch/31by1
IMG_20220601_163453_jpg.rf.332c5b10a16f9f3d6be5eaa3f42d6527,0,83.02,352.69,171.71,347.82,174.52,398.98,85.83,403.84,
nominalimage045_jpg.rf.320fa00a7993bf530a7eb5f8d96cb6b6,0,410.83,312.27,585.5,375.48,508.75,587.55,334.08,524.34,http://www.boschautoparts.com/qr/icon.aspx
nominalimage045_jpg.rf.320fa00a7993bf530a7eb5f8d96cb6b6,1,74.76,73.56,264.91,93.63,242.64,304.55,52.5,284.48,http://www.boschautoparts.com/qr/icon.aspx
blurredimage006_jpg.rf.3024294529b701308be70f4fe248cfc5,0,272.83,321.29,443.29,322.95,442.11,444.11,271.65,442.45,https://www.surveymonkey.com/s/TheClubatLAS_T3
glareimage015_jpg.rf.2a5435622d26aeeadfd3b4940be6396a,0,209.5,174.53,398.49,170.03,404.44,419.77,215.44,424.27,"豁｣螳鈴刀隗る浹闌ｶ蜿ｶ 荵仙刀荵占幻 
http://detail.tmall.com/item.htm?id=13996190738"
curvedimage005_png_jpg.rf.2b6ec98a4af78439a25b29d7593f8bfe,0,356.13,47.6,533.15,53.02,523.3,375.28,346.27,369.87,
noncompliantimage013_jpg.rf.31c480d2c2051c451c962e66c74746ca,0,67.0,239.49,300.23,227.34,318.42,576.67,85.19,588.82,http://q-r.to/bafD2I
noncompliantimage013_jpg.rf.31c480d2c2051c451c962e66c74746ca,1,302.79,83.26,496.53,53.7,541.31,347.25,347.58,376.8,http://q-r.to/baf6RY
3905670538_jpg.rf.278fb4b882d1836da06a08d40e9d03cd,0,179.38,119.65,438.25,124.08,431.97,490.87,173.11,486.44,NICE ART
1586_U7QijHUcC_jpg.rf.2b77ddf7125bfcdd84ac9cb3317b4a15,0,228.79,195.72,411.8,197.35,410.35,360.54,227.34,358.91,http://www.lubes.id/197/U7QijHUcC
4195660045_jpg.rf.2cbcc5c10fae64a8990cfce7716254d8,0,238.47,220.66,309.68,222.84,306.94,312.39,235.72,310.21,http://www.youtube.com/watch?v=BLutES53Rek
4354342598_jpg.rf.2927756846cf9f99ad8b711f1cef26a7,,,,,,,,,,
1806_U7hXo6PCC_jpg.rf.299cfb8fe7acf020364e562941a592a3,0,201.79,265.49,405.2,266.61,404.19,448.85,200.78,447.73,http://www.lubes.id/197/U7hXo6PCC
5230841770_jpg.rf.33cfab2f2b755fbff14e72b3f5700387,0,329.56,194.93,530.58,171.57,564.8,466.02,363.77,489.38,HTTP://SCN.BY/9T9AB0HTW8GNVT
5117984259_jpg.rf.38c21f0f9aa6b14e46f31812a6138e20,0,290.08,283.5,372.15,276.08,383.67,403.52,301.61,410.94,
4952260665_jpg.rf.40f8d177dbf585606e31ab33c3282ff1,0,33.96,445.56,131.01,445.99,130.52,558.39,33.47,557.97,http://organicallyspeaking.org/pccqr/?id=54
4567505369_jpg.rf.3605c74904cbed9b9321a41c78a1e96f,0,484.65,382.18,528.29,383.22,526.06,476.72,482.42,475.68,
3002670645_jpg.rf.3b02e97da16caefcd19f9685ebca7ec8,0,230.18,229.13,341.45,230.15,340.09,377.88,228.82,376.86,http://08.tigtags.com/qt1
closeimage017_jpg.rf.40c3c6e684a9ba7e6f134908944d158f,0,6.89,117.74,619.34,109.7,625.39,570.34,12.94,578.38,VERSION 2 8CM
5077511105_jpg.rf.45b781ec6a962fbdb364af9e3bf710b2,0,354.28,281.73,487.36,300.97,464.14,461.6,331.05,442.36,http://bit.ly/9f6xcU
5077511105_jpg.rf.45b781ec6a962fbdb364af9e3bf710b2,1,94.14,6.37,266.06,41.43,207.72,327.52,35.79,292.46,
4791733019_jpg.rf.4542da48b883c53bfe5effcb7179531b,0,329.88,542.12,386.19,544.67,384.37,584.95,328.06,582.4,http://petit24.jp/39/
5200811157_jpg.rf.3cdbbbe6b7f97b26c599c9a0238db4a9,0,300.84,374.75,347.5,374.92,347.28,436.88,300.61,436.71,http://m.qrcode.nu/c/rpCWot
3615900549_jpg.rf.456b34c6c86c557335f77813a57c5799,0,168.81,203.57,210.47,204.03,209.85,259.54,168.19,259.08,http://d.kaywa.com/1100500969
3615900549_jpg.rf.456b34c6c86c557335f77813a57c5799,1,268.48,418.0,298.4,419.24,296.76,458.92,266.84,457.68,
3615900549_jpg.rf.456b34c6c86c557335f77813a57c5799,2,552.5,373.85,580.43,370.43,585.04,408.06,557.11,411.49,
rotationsimage035_jpg.rf.43ba2b13cd50aa40a11ddab470d40186,0,74.91,346.49,212.7,339.96,217.07,432.06,79.27,438.6,Version 1 QR
rotationsimage035_jpg.rf.43ba2b13cd50aa40a11ddab470d40186,1,103.0,230.68,237.31,230.09,237.67,311.32,103.35,311.9,Version 2 QR Code Test Image
rotationsimage035_jpg.rf.43ba2b13cd50aa40a11ddab470d40186,2,340.8,250.98,580.82,259.63,575.42,409.16,335.41,400.5,ABC 123456789 ABC 123456789 ABC 123456789 ABC 123456789 ABC 123456789 ABC 123456789 ABC 123456789 ABC 123456789 ABC 123456789 ABC 123456789 ABC 123456789 ABC 123456789 ABC 123456789 ABC 123456789 ABC 123456789
glareimage005_jpg.rf.43fb3355b0da61501071c59469286953,0,290.24,386.14,368.27,386.19,368.23,453.33,290.2,453.29,http://albtsn.com/ugtezn8
bright_spotsimage025_jpg.rf.3ffb604e381e0043e8cfc3aba41017f8,0,429.44,257.24,533.95,258.83,532.72,339.45,428.21,337.85,
bright_spotsimage025_jpg.rf.3ffb604e381e0043e8cfc3aba41017f8,1,386.14,368.05,501.22,369.42,500.18,456.81,385.1,455.44,Version 2 QR Code Test Image
bright_spotsimage025_jpg.rf.3ffb604e381e0043e8cfc3aba41017f8,2,130.38,253.82,319.49,251.21,321.5,396.69,132.39,399.3,ABC 123456789 ABC 123456789 ABC 123456789 ABC 123456789 ABC 123456789 ABC 123456789 ABC 123456789 ABC 123456789 ABC 123456789 ABC 123456789 ABC 123456789 ABC 123456789 ABC 123456789 ABC 123456789 ABC 123456789
IMG_20220602_155807_jpg.rf.43e889b9612363989d4eed2b989e63cc,0,436.29,356.61,549.54,381.2,533.25,456.23,420.0,431.63,
rotationsimage043_jpg.rf.3d1cf43cee48db4236b9a5457e3bd53a,0,375.21,422.98,538.57,430.93,533.12,542.92,369.76,534.97,Version 2 QR Code Test Image
rotationsimage043_jpg.rf.3d1cf43cee48db4236b9a5457e3bd53a,1,444.68,314.7,562.65,317.74,560.64,395.61,442.67,392.57,Version 1 QR
rotationsimage043_jpg.rf.3d1cf43cee48db4236b9a5457e3bd53a,2,52.22,283.67,301.35,277.28,305.14,425.09,56.01,431.48,ABC 123456789 ABC 123456789 ABC 123456789 ABC 123456789 ABC 123456789 ABC 123456789 ABC 123456789 ABC 123456789 ABC 123456789 ABC 123456789 ABC 123456789 ABC 123456789 ABC 123456789 ABC 123456789 ABC 123456789
IMG_20220602_172141_jpg.rf.3679d3efbfa7c8e980bfede0f1b68a3f,0,435.42,394.15,470.63,396.53,468.9,422.06,433.69,419.67,
4864169133_jpg.rf.409e2b2974e618f35ac4cae3b74c13b3,0,558.85,421.04,610.92,426.53,602.57,505.74,550.5,500.25,
4864169133_jpg.rf.409e2b2974e618f35ac4cae3b74c13b3,1,288.22,71.93,347.55,70.0,351.09,179.06,291.77,180.98,http://tinyurl.com/2e9edeg
4864169133_jpg.rf.409e2b2974e618f35ac4cae3b74c13b3,2,149.22,87.38,194.33,84.59,200.15,178.55,155.04,181.35,http://tinyurl.com/2fmwa8p
4864169133_jpg.rf.409e2b2974e618f35ac4cae3b74c13b3,3,123.82,377.52,140.26,367.78,151.92,387.46,135.48,397.2,
bright_spotsimage007_jpg.rf.404a566d68481364e783c2664a6c47ee,0,334.25,237.32,418.51,237.56,418.34,299.11,334.08,298.87,
bright_spotsimage007_jpg.rf.404a566d68481364e783c2664a6c47ee,1,150.58,153.69,288.53,155.95,286.77,263.61,148.82,261.36,
bright_spotsimage007_jpg.rf.404a566d68481364e783c2664a6c47ee,2,365.91,158.68,440.97,160.98,439.15,220.14,364.1,217.84,Version 1 QR
IMG_20220530_143641_jpg.rf.4441fcffef22602347d78fdee71ca124,,,,,,,,,,
4498433956_jpg.rf.44ddaa447aa0e3584c32f5534f9fc6ca,0,73.71,157.19,291.78,171.05,274.72,439.58,56.65,425.72,MECARD:N:Sam Ley;TEL:3039002662;URL:http://www.phidauex.com;EMAIL:sam.ley@gmail.com;;
4498433956_jpg.rf.44ddaa447aa0e3584c32f5534f9fc6ca,1,334.56,178.0,557.22,147.19,595.26,422.06,372.6,452.87,http://www.phidauex.com/qrcode2
4597824773_jpg.rf.42f85e9b306a65c26a2e23d139f577e2,0,485.72,176.99,599.09,158.83,621.56,299.12,508.19,317.28,http://m.uba.uva.nl
4597824773_jpg.rf.42f85e9b306a65c26a2e23d139f577e2,1,247.14,418.69,334.4,397.69,363.52,518.63,276.27,539.64,
4597824773_jpg.rf.42f85e9b306a65c26a2e23d139f577e2,2,149.19,315.2,227.76,329.64,210.58,423.07,132.01,408.62,
4597824773_jpg.rf.42f85e9b306a65c26a2e23d139f577e2,3,341.46,42.93,454.58,46.12,450.55,188.94,337.44,185.75,http://m.uba.uva.nl
4597824773_jpg.rf.42f85e9b306a65c26a2e23d139f577e2,4,497.47,461.26,596.54,410.03,661.79,536.22,562.71,587.45,http://m.uba.uva.nl
4462727544_jpg.rf.3bc652a0e28a342fd4620681ab3b0c41,0,162.86,233.83,282.33,201.65,314.01,319.27,194.53,351.45,http://www.concern.net/twestival
perspectiveimage022_jpg.rf.3eece662051261b4354556d4e8d9dc37,0,192.66,208.95,341.3,203.56,349.63,432.95,200.99,438.35,TEST 10 CM
high_versionimage028_jpg.rf.46610d0cac0a3c49abf28afa53dcc514,0,78.68,35.11,586.96,44.11,577.16,597.1,68.88,588.1,"QR code (abbreviated from Quick Response Code) is the trademark for a type of matrix barcode (or two-dimensional barcode) first designed in 1994 for the automotive industry in Japan.[1] A barcode is a machine-readable optical label that contains information about the item to which it is attached. In practice, QR codes often contain data for a locator, identifier, or tracker that points to a website or application. A QR code uses four standardized encoding modes (numeric, alphanumeric, byte/binary, and kanji) to store data efficiently; extensions may also be used.[2]
sdfgksjdflkgjsdkfgiotmbx,cmvbofghjoaasdfaERYYKLLDFGSDFFFFFFFFFFFFFFFFFFFFFF"
rotationsimage007_jpg.rf.46fd7243d9c1cae8a7a8765fea4769ac,0,261.55,377.3,491.84,367.49,499.54,548.1,269.24,557.91,ABC 123456789 ABC 123456789 ABC 123456789 ABC 123456789 ABC 123456789 ABC 123456789 ABC 123456789 ABC 123456789 ABC 123456789 ABC 123456789 ABC 123456789 ABC 123456789 ABC 123456789 ABC 123456789 ABC 123456789
rotationsimage007_jpg.rf.46fd7243d9c1cae8a7a8765fea4769ac,1,345.46,209.66,490.58,214.59,487.0,319.7,341.89,314.77,Version 2 QR Code Test Image
rotationsimage007_jpg.rf.46fd7243d9c1cae8a7a8765fea4769ac,2,187.48,232.84,312.27,227.32,316.25,317.31,191.46,322.82,Version 1 QR
damagedimage010_jpg.rf.477d578cdc41b2532e2b6a9d9b61542a,0,120.05,128.4,516.88,172.43,479.58,508.5,82.75,464.47,amzn.to/socialqr
IMG_20220602_173108_jpg.rf.3ad294e51f69f80f43b80f0dea99b0d8,0,332.64,381.25,372.79,388.74,366.38,423.1,326.23,415.61,https://pluripinheiros.com.br/
curvedimage006_jpg.rf.47a42adb0d8527fecceab90c5df965bc,0,327.43,371.65,407.88,436.72,354.26,503.0,273.82,437.94,
closeimage025_jpg.rf.47ab9eef13e73059c0f946bf7d732964,0,36.19,252.04,618.19,246.2,621.63,588.28,39.63,594.13,VERSION 1 6CM
3875393950_jpg.rf.481f8e62d4323b7caf82e88b8c588197,0,193.29,171.19,488.06,149.58,504.54,374.35,209.77,395.96,
2758648750_jpg.rf.48b1166878e854c0f8fbbcd7bacc6a0a,0,47.37,50.01,564.56,56.73,557.78,579.03,40.59,572.31,
pathologicalimage002_png_jpg.rf.49d797bd820efd47581ee076debdaeef,0,50.81,46.6,582.9,51.61,577.82,590.91,45.73,585.9,MAILTO:name@myemail.com
IMG_20220601_162509_jpg.rf.4dc28bbfd6251c017484590d9b435cea,0,510.76,444.8,570.75,444.29,571.19,496.13,511.19,496.63,
IMG_20220602_174445_jpg.rf.49c50ee61b2ff55b6b1e4e52d2c47fbc,0,514.86,477.44,585.14,476.0,586.29,532.17,516.02,533.62,
high_versionimage030_jpg.rf.4cbcc9ac7c97d71923cb4584ab97d6e0,0,200.31,57.71,383.67,32.85,446.53,496.37,263.17,521.23,
1107_U72oYkT2C_jpg.rf.4de721b27b89c5c33866f8940af4dc38,0,199.42,196.78,396.03,201.53,391.88,373.62,195.26,368.88,http://www.lubes.id/197/U72oYkT2C
shadowsimage011_jpg.rf.483b77979d8c4e5704c5a03ae06f4df1,0,140.38,125.37,502.6,126.31,501.56,527.81,139.34,526.87,
IMG_20220602_174540_jpg.rf.4ef5ed15770f12b4e530812ff1550a52,0,275.03,272.86,327.93,271.49,328.98,312.17,276.09,313.55,
closeimage001_jpg.rf.540a4f2a3b77a9fc366c56c063a9a99a,0,33.64,137.7,591.4,131.46,596.56,592.04,38.79,598.28,ABC 123456789 ABC 123456789 ABC 123456789 ABC 123456789 ABC 123456789 ABC 123456789 ABC 123456789 ABC 123456789 ABC 123456789 ABC 123456789 ABC 123456789 ABC 123456789 ABC 123456789 ABC 123456789 ABC 123456789
closeimage026_jpg.rf.4fcfcfa463775560b00f9f7e8ad9e6f2,0,33.62,253.87,618.22,239.51,626.25,566.23,41.65,580.59,VERSION 2 8CM
3977415218_jpg.rf.580493250aa2f795b793612956747e39,0,169.33,218.45,217.07,219.31,215.89,284.8,168.15,283.94,http://semapedia.org/v/Gaz_naturel/fr
2888182451_jpg.rf.519ee83c87490e1c2016c3a4d3ffd098,0,71.09,174.22,293.3,173.61,294.07,457.03,71.86,457.64,http://p8t.ch/yrrt2
3360048252_jpg.rf.56644d048d4a3a82e04feb7695af3d5b,0,176.56,145.23,403.34,142.93,406.34,438.28,179.57,440.59,URL:http://www.cityofmanor.org/smartcodes/17.html
rotationsimage027_jpg.rf.570674e72f103adda5c1a4079cd4478d,0,442.31,243.94,580.12,254.39,573.82,337.43,436.01,326.98,Version 2 QR Code Test Image
rotationsimage027_jpg.rf.570674e72f103adda5c1a4079cd4478d,1,93.97,290.85,413.12,288.09,414.73,474.05,95.58,476.8,ABC 123456789 ABC 123456789 ABC 123456789 ABC 123456789 ABC 123456789 ABC 123456789 ABC 123456789 ABC 123456789 ABC 123456789 ABC 123456789 ABC 123456789 ABC 123456789 ABC 123456789 ABC 123456789 ABC 123456789
rotationsimage027_jpg.rf.570674e72f103adda5c1a4079cd4478d,2,320.61,186.88,436.33,193.7,432.5,258.73,316.78,251.92,Version 1 QR
3950836668_jpg.rf.4e17a8792e25c243da9dcfa6dc8c126b,0,410.13,269.24,435.0,269.89,433.49,327.73,408.62,327.09,
2590705769_jpg.rf.5322dce0b75168584f1b6e5cdddfe547,0,351.72,165.17,567.7,159.18,577.32,505.79,361.34,511.78,
nominalimage046_jpg.rf.5827b212bd1390d4472c63bf19200cb8,0,299.01,216.23,369.26,212.73,373.26,292.89,303.0,296.39,http://www.boschautoparts.com/qr/icon.aspx
nominalimage046_jpg.rf.5827b212bd1390d4472c63bf19200cb8,1,315.75,423.1,389.11,433.89,376.5,519.59,303.14,508.8,http://www.boschautoparts.com/qr/icon.aspx
2825376970_jpg.rf.5795c9e1bf557505582f41bdd17b1ed9,0,276.93,96.65,384.35,94.1,387.02,206.72,279.6,209.27,www.tagmore.com/esmadrid
2825376970_jpg.rf.5795c9e1bf557505582f41bdd17b1ed9,1,51.01,209.46,82.92,212.54,80.77,234.88,48.86,231.8,
3412308815_jpg.rf.5935316454c709ddd589e7660ba605dd,0,122.27,222.08,211.87,222.65,211.23,321.89,121.64,321.32,http://farm4.static.flickr.com/3622/3365920462_0e43960e07.jpg
v3VCard-BasicWikipedia_png_jpg.rf.5a89567c1be749618f7305d937d560eb,0,20.27,-14.69,620.17,-4.36,609.7,603.29,9.8,592.96,"BEGIN:VCARD
VERSION:3.0
N:Gump;Forrest
FN:Forrest Gump12.01
ORG:Bubba Gump Shrimp Co.
TITLE:Shrimp Man
PHOTO;VALUE=URL;TYPE=PNG:http://www.printbusinesscards.com/w/images/classic/pbc_header_logo.png
TEL;TYPE=WORK,VOICE:(111) 555-1212
TEL;TYPE=HOME,VOICE:(404) 555-1212
ADR;TYPE=WORK:;;100 Waters Edge;Baytown;LA;30314;United States of America
LABEL;TYPE=WORK:100 Waters Edge\nBaytown, LA 30314\nUnited States of America
ADR;TYPE=HOME:;;42 Plantation St.;Baytown;LA;30314;United States of America
LABEL;TYPE=HOME:42 Plantation St.\nBaytown, LA 30314\nUnited States of America
EMAIL;TYPE=PREF,INTERNET:forrestgump@example.com
REV:20080424T195243Z
END:VCARD
"
5206766403_jpg.rf.5a5b530204aed827a904b652a969ae27,0,221.1,221.03,261.98,223.08,260.49,252.95,219.6,250.9,http://bby.us/?c=BAIMU1
5206766403_jpg.rf.5a5b530204aed827a904b652a969ae27,1,409.07,166.73,447.87,166.07,448.36,194.6,409.56,195.26,
3989685099_jpg.rf.4d2be83273cc091c532b6d07398e20db,0,522.21,439.69,553.29,439.68,553.3,479.54,522.22,479.54,
shadowsimage001_jpg.rf.5224cbeeacf10b6772542825ade8961e,0,431.07,218.89,593.45,218.24,593.89,328.87,431.52,329.52,Version 2 QR Code Test Image
shadowsimage001_jpg.rf.5224cbeeacf10b6772542825ade8961e,1,76.94,88.55,304.63,79.32,311.68,253.48,83.99,262.7,ABC 123456789 ABC 123456789 ABC 123456789 ABC 123456789 ABC 123456789 ABC 123456789 ABC 123456789 ABC 123456789 ABC 123456789 ABC 123456789 ABC 123456789 ABC 123456789 ABC 123456789 ABC 123456789 ABC 123456789
shadowsimage001_jpg.rf.5224cbeeacf10b6772542825ade8961e,2,479.85,62.34,610.66,62.16,610.81,164.42,479.99,164.6,Version 1 QR
blurredimage008_jpg.rf.57893d7e9d73029709accef966aaa4a5,0,92.96,251.49,354.32,120.31,500.28,411.11,238.92,542.3,
3841778451_jpg.rf.49c5c69f5c806163fadb936c2f67b464,0,63.26,206.77,165.58,208.93,164.2,274.13,61.88,271.97,http://recochoku.jp/vbeans/
3841778451_jpg.rf.49c5c69f5c806163fadb936c2f67b464,1,513.82,200.0,566.15,232.5,515.5,314.05,463.17,281.54,http://recochoku.jp/vbeans/
3841778451_jpg.rf.49c5c69f5c806163fadb936c2f67b464,2,172.7,326.29,234.56,329.04,232.89,366.88,171.02,364.14,
3841778451_jpg.rf.49c5c69f5c806163fadb936c2f67b464,3,476.11,392.31,667.21,382.89,673.16,503.66,482.07,513.08,
2824550145_jpg.rf.5af2ed264b6dd72045399576960d4446,0,305.28,290.41,336.0,291.16,335.09,328.35,304.37,327.6,
IMG_20220604_164414_jpg.rf.5ea985023f9442cfff34e2be9a47fb4b,0,324.31,173.52,383.44,175.55,382.29,209.07,323.16,207.04,
4778908748_jpg.rf.5bed9fda48c1969568b5609ad051c20c,0,184.73,106.12,402.4,114.31,395.01,310.7,177.34,302.51,http://www.perfick.com
2591540510_jpg.rf.5d04c0b50db5ed9c91b5607a23f54366,0,177.44,126.53,429.09,124.98,431.39,497.25,179.73,498.81,Happy 1st Birthday GeekUp Leeds! http://www.geekup.org
IMG_20220603_120920_jpg.rf.61281f38b4f56dd6fecf1a19e9c9653f,,,,,,,,,,
perspectiveimage026_jpg.rf.612d2749fb058fd4250a1531cd47f860,0,245.7,178.3,351.52,180.63,346.8,394.55,240.98,392.21,TEST 10 CM
2822148224_jpg.rf.644a3f5d54bfcdc5f4fc9d78e87b0866,0,139.82,219.29,294.35,212.45,298.12,297.68,143.59,304.53,http://mobilistics.de/v/mb
3704756357_jpg.rf.633129aaffeaa8c6f99ead0b88eeb882,0,175.21,84.06,462.73,86.71,459.2,470.5,171.68,467.85,http://streetartdealer.com/launch
2700376493_jpg.rf.63fd97afafd46cd0cbb71a1e4f86e5f0,0,460.44,21.62,500.38,15.22,509.01,69.08,469.08,75.48,
4578_W4wHVVfAB_jpg.rf.5ba83ba8efacd41391516bdb38255ac9,0,234.93,196.45,440.17,187.23,448.65,375.94,243.4,385.16,http://lubes.id/191/W4wHVVfAB
2895474717_jpg.rf.684fa824c2ffcae1f654c45d255a8f2a,0,374.65,285.22,469.04,285.39,468.79,417.16,374.4,416.99,http://en.wikipedia.org/wiki/Wrexham_F.C.
2895474717_jpg.rf.684fa824c2ffcae1f654c45d255a8f2a,1,137.02,366.62,232.3,367.66,230.8,505.13,135.51,504.09,http://en.wikipedia.org/wiki/Goa
2895474717_jpg.rf.684fa824c2ffcae1f654c45d255a8f2a,2,15.58,28.12,111.19,20.12,121.94,148.66,26.34,156.66,http://en.wikipedia.org/wiki/Llanrhaeadr-ym-Mochnant
2895474717_jpg.rf.684fa824c2ffcae1f654c45d255a8f2a,3,27.35,244.06,124.88,257.27,106.3,394.47,8.77,381.25,http://en.wikipedia.org/wiki/Psytrance
2895474717_jpg.rf.684fa824c2ffcae1f654c45d255a8f2a,4,355.17,50.86,451.5,71.32,426.36,189.66,330.03,169.2,http://en.wikipedia.org/wiki/Socialism
2895474717_jpg.rf.684fa824c2ffcae1f654c45d255a8f2a,5,381.73,471.93,467.06,480.1,456.83,586.92,371.49,578.74,http://en.wikipedia.org/wiki/All_the_President's_Men_(film)
2895474717_jpg.rf.684fa824c2ffcae1f654c45d255a8f2a,6,279.28,334.55,348.47,335.78,346.75,432.53,277.57,431.3,"http://en.wikipedia.org/wiki/Washington,_D.C."
2895474717_jpg.rf.684fa824c2ffcae1f654c45d255a8f2a,7,16.2,473.34,135.22,476.68,130.97,627.56,11.95,624.21,http://en.wikipedia.org/wiki/Shenandoah_National_Park
2895474717_jpg.rf.684fa824c2ffcae1f654c45d255a8f2a,8,182.01,259.81,255.99,248.1,271.14,343.75,197.16,355.46,http://en.wikipedia.org/wiki/Jean-Luc_Godard
2895474717_jpg.rf.684fa824c2ffcae1f654c45d255a8f2a,9,474.74,421.81,546.16,421.48,546.62,518.92,475.19,519.25,http://en.wikipedia.org/wiki/Charlottesville
2895474717_jpg.rf.684fa824c2ffcae1f654c45d255a8f2a,10,484.2,271.35,536.15,269.34,538.74,336.14,486.78,338.15,http://en.wikipedia.org/wiki/House_music
2895474717_jpg.rf.684fa824c2ffcae1f654c45d255a8f2a,11,459.32,94.78,553.85,120.07,521.8,239.84,427.27,214.55,http://www.labour.org.uk/
2895474717_jpg.rf.684fa824c2ffcae1f654c45d255a8f2a,12,239.01,448.72,361.25,449.61,359.99,622.67,237.76,621.78,http://en.wikipedia.org/wiki/Panchgani
2895474717_jpg.rf.684fa824c2ffcae1f654c45d255a8f2a,13,260.33,243.18,316.96,237.97,323.71,311.3,267.07,316.51,http://en.wikipedia.org/wiki/Peter_Greenaway
2895474717_jpg.rf.684fa824c2ffcae1f654c45d255a8f2a,14,562.06,16.75,617.15,10.53,625.19,81.8,570.09,88.02,http://en.wikipedia.org/wiki/Banksy
2895474717_jpg.rf.684fa824c2ffcae1f654c45d255a8f2a,15,550.76,208.66,604.61,200.79,614.51,268.49,560.66,276.36,http://en.wikipedia.org/wiki/Aaron_Copland
2895474717_jpg.rf.684fa824c2ffcae1f654c45d255a8f2a,16,483.97,345.7,536.82,344.65,538.17,412.89,485.33,413.94,http://en.wikipedia.org/wiki/London
2895474717_jpg.rf.684fa824c2ffcae1f654c45d255a8f2a,17,164.85,29.93,292.91,41.8,276.65,217.21,148.59,205.34,http://en.wikipedia.org/wiki/Wales
2895474717_jpg.rf.684fa824c2ffcae1f654c45d255a8f2a,18,561.83,295.4,621.82,302.96,610.87,389.92,550.87,382.37,http://en.wikipedia.org/wiki/E._E._Cummings
2895474717_jpg.rf.684fa824c2ffcae1f654c45d255a8f2a,19,523.64,498.47,620.09,495.44,624.24,627.01,527.78,630.05,http://en.wikipedia.org/wiki/Agnosticism
2895474717_jpg.rf.684fa824c2ffcae1f654c45d255a8f2a,20,587.17,101.87,640.16,112.27,625.83,185.34,572.83,174.94,http://en.wikipedia.org/wiki/Stan_Brakhage
closeimage027_jpg.rf.6ce7553157f16d672dc220e00810fee3,0,4.22,244.32,602.19,250.18,598.68,609.21,0.71,603.35,VERSION 2 8CM
perspectiveimage013_jpg.rf.672aa6c57127a124921c557ad4eeac62,0,296.88,240.32,365.55,236.63,373.7,388.38,305.04,392.07,TEST 10 CM
5079234799_jpg.rf.65426f587c20a00f5658939426e5be28,0,524.16,369.49,563.82,368.4,565.83,442.17,526.17,443.25,
5079234799_jpg.rf.65426f587c20a00f5658939426e5be28,1,96.29,310.76,124.11,314.37,115.09,383.84,87.28,380.23,
1951360565_jpg.rf.6911a36dcc6fd06c27ef7d695576d3ac,0,132.03,189.19,383.13,158.76,421.73,477.3,170.64,507.73,IT'S BACK ON DVD SEPTEMBER 10th
3635425508_jpg.rf.68dfc83a4d219328fb38b55818fa0e57,0,308.38,218.94,481.29,300.26,378.73,518.31,205.83,436.99,QRing on www.fluid-forms.com
glareimage048_jpg.rf.68c0ad4d0a1fcd26218a9d687906d693,0,102.48,100.99,540.71,98.6,542.91,502.1,104.68,504.49,
nominalimage030_jpg.rf.6332f4055d1eda17b2f4d7ad76951aa5,0,142.44,255.21,263.61,255.81,262.62,456.54,141.45,455.94,http://onramp.ehi.com/HYUN/ACNT/4SE/US/?v=KMHCT4AE3GU107709
4474_W4vDbqmdB_jpg.rf.6407242ed70f1093c120bee6ec54ca38,0,235.96,212.65,442.33,211.9,443.02,403.51,236.66,404.26,http://lubes.id/191/W4vDbqmdB
3044664106_jpg.rf.60b5f791706e6c552f26d9374074374d,0,47.32,476.32,117.73,477.0,116.83,570.61,46.42,569.93,http://v.tigtags.com/mof/djILjsY-bDc
3044664106_jpg.rf.60b5f791706e6c552f26d9374074374d,1,361.96,274.96,382.93,273.47,385.02,302.77,364.05,304.27,
4949259371_jpg.rf.627db2b4e874222a326712d26900ba29,0,79.14,185.56,485.57,144.81,499.85,287.18,93.41,327.93,
glareimage027_jpg.rf.6c6cd6bde550cb4b4de57590d92954bd,0,164.9,338.54,401.75,341.44,399.55,521.03,162.7,518.14,http://uqr.me/acgovdehvehicles
5182903578_jpg.rf.6e23ba183122bb5a94b0f99906cdf69c,0,228.8,296.26,452.49,325.59,424.86,536.35,201.17,507.02,http://TriOutNC.com/406/qr-f24b971ae98f7ac86b4c9ee24b32197f
nominalimage032_jpg.rf.62f79d5286514fa9b91c2243219a0d46,0,267.81,284.51,406.0,282.31,407.7,389.2,269.51,391.4,http://weixin.qq.com/r/FnUnPxnE2kSlrV1c9yAE
nominalimage055_jpg.rf.60363a88c92ac288a462be31625e7302,0,130.39,75.99,587.97,84.24,580.23,513.02,122.66,504.77,http://www.bestekmall.com/
rotationsimage039_jpg.rf.72a35f714ca0cd2323e8f4b59ade5815,0,109.36,376.49,270.04,380.12,267.57,489.8,106.88,486.18,Version 2 QR Code Test Image
rotationsimage039_jpg.rf.72a35f714ca0cd2323e8f4b59ade5815,1,342.15,419.93,494.55,426.24,489.9,538.52,337.51,532.21,Version 1 QR
rotationsimage039_jpg.rf.72a35f714ca0cd2323e8f4b59ade5815,2,245.79,209.12,454.46,204.4,457.14,322.9,248.47,327.62,ABC 123456789 ABC 123456789 ABC 123456789 ABC 123456789 ABC 123456789 ABC 123456789 ABC 123456789 ABC 123456789 ABC 123456789 ABC 123456789 ABC 123456789 ABC 123456789 ABC 123456789 ABC 123456789 ABC 123456789
curvedimage026_jpg.rf.6cc0d2ebaee9e7586772aaa5d2840c20,0,295.83,341.01,405.31,334.69,411.91,448.88,302.43,455.2,
pathologicalimage022_png_jpg.rf.6ea10ddda62aedc610c6faeffa48634e,0,49.44,43.59,598.09,50.99,590.69,599.41,42.04,592.01,MAILTO:name@myemail.com
IMG_20220601_164334_jpg.rf.7229626b6990835f16b9201e88b93023,0,343.44,191.17,398.04,181.65,404.98,221.4,350.38,230.93,
IMG_20220530_190424_jpg.rf.72fc1f8c35113f996f3e1a7586fe4dc3,0,377.72,307.15,471.37,311.83,467.6,387.29,373.95,382.61,
IMG_20220530_190424_jpg.rf.72fc1f8c35113f996f3e1a7586fe4dc3,1,139.26,316.5,192.21,321.65,189.23,352.19,136.29,347.04,
3979822916_jpg.rf.70f16a9c2b29f16ad77647ab55d163e0,0,467.01,231.74,500.38,234.05,498.63,259.42,465.25,257.12,
monitorimage016_jpg.rf.6e020d2f91eb8b49582c78a104169539,0,58.49,35.2,612.68,49.07,598.84,602.08,44.65,588.21,This is a computer generated QR Code
blurredimage011_jpg.rf.73864a3c2a1abc5eea08a18618d14bbb,0,283.02,117.08,516.44,105.17,534.42,457.59,301.01,469.5,HTTPS://NUTS.COM/QR/retail_piece/51707477?sku=7030-01
damagedimage019_jpg.rf.74b9904daa7a0f4c92b4183efc97325b,0,220.72,272.61,478.37,287.65,465.86,501.94,208.21,486.9,PETERABELES041.PremierSubaruFremont.com
high_versionimage021_jpg.rf.8170d5e733f7d83ca09d0fb98cc0fbe4,0,24.12,4.73,618.56,14.54,608.83,604.05,14.39,594.24,"QR code (abbreviated from Quick Response Code) is the trademark for a type of matrix barcode (or two-dimensional barcode) first designed in 1994 for the automotive industry in Japan.[1] A barcode is a machine-readable optical label that contains information about the item to which it is attached. In practice, QR codes often contain data for a locator, identifier, or tracker that points to a website or application. A QR code uses four standardized encoding modes (numeric, alphanumeric, byte/binary, and kanji) to store data efficiently; extensions may also be used.[2]
sdfgksjdflkgjsdkfgiotmbx,cmvbofghjoaasdfaERYYKLLDFGSDFFFFFFFFFFFFFFFFFFFFFF"
damagedimage036_jpg.rf.765d3decae39e7f61dc948a76d3dede6,0,198.71,193.77,427.67,182.06,444.77,516.46,215.81,528.17,"{""sortInfo"":{""KCVG"":""OAK5D6""},""lastNode"":""OAK5"",""cids"":{""pkey"":""180602164519461309359670201AZ""}}"
closeimage029_jpg.rf.7e2de957c389e67db206cb7561d04026,0,18.72,148.02,591.86,129.6,606.58,587.57,33.44,605.99,ABC 123456789 ABC 123456789 ABC 123456789 ABC 123456789 ABC 123456789 ABC 123456789 ABC 123456789 ABC 123456789 ABC 123456789 ABC 123456789 ABC 123456789 ABC 123456789 ABC 123456789 ABC 123456789 ABC 123456789
IMG_20220601_165001_jpg.rf.7ae43aeddac575c828252288b2119144,,,,,,,,,,
IMG_20220602_160055_jpg.rf.84496b4f025a07656185cc6831af1b44,0,381.47,426.63,457.31,429.54,455.0,489.86,379.16,486.95,https://www.youtube.com/user/vejapontocom
2117739855_jpg.rf.7fcf301a9ffd6e758f4e7fa79543e4e2,0,300.1,324.74,330.82,326.89,329.11,351.3,298.38,349.15,
4506678195_jpg.rf.8b5ced0fa2cde3efb65e18fd93f75ca3,0,210.5,232.57,297.74,227.27,305.81,360.17,218.57,365.46,
0071851287_jpg.rf.8043ec0c5f4dbf2cd093af36eaf4cd23,0,69.44,353.75,210.82,353.04,212.07,600.63,70.69,601.34,"<<バスナビ>>
http://www.busnavi.net/cgi-bin/tksubmenu.cgi?m=TK&a=b&k=&f=a&w=&d=a&s=130101810000
<<時刻表>>
http://www.tokyubus.co.jp/keitai/i/index.cgi?cd=2122232402,,,1,%82%A9,%82%A9,%82%A9%82%DD,,,1720313,
<<東急バスHP>>
http://tkbus.jp
"
4222589347_jpg.rf.881d5aa6c58beb6748e1879843201902,0,359.01,399.01,431.79,398.31,432.76,498.3,359.98,499.01,http://google.com/m/place?georestrict=input_srcid%3A16080c76cdc80b0d
5036846122_jpg.rf.7e2e23241c4394219ce9a86588f674f2,0,415.29,282.87,496.65,323.68,462.07,392.62,380.72,351.82,http://www.barcodeart.com
5036846122_jpg.rf.7e2e23241c4394219ce9a86588f674f2,1,200.52,284.96,293.73,291.67,288.21,368.31,195.0,361.61,
glareimage021_jpg.rf.7eeac3f79e49da7b2277bfc03ce00074,0,188.75,210.24,427.03,201.76,437.8,504.71,199.52,513.18,https://goo.gl/forms/ofwmcoJn1qN6HPb72
4340209507_jpg.rf.87958953f1c2ad2f1bec0e0842c7e4e6,0,427.99,151.74,456.8,152.42,455.8,194.33,427.0,193.64,
closeimage013_jpg.rf.884c18bcb475872e50eb16d9bc401aa3,0,14.01,97.2,597.78,89.15,604.41,570.13,20.65,578.18,VERSION 2 8CM
nominalimage028_jpg.rf.80879c69d95dea80ae4e0fe7c28ce895,0,350.87,379.04,558.26,379.19,558.16,529.62,350.76,529.47,0555506635839349055557
nominalimage028_jpg.rf.80879c69d95dea80ae4e0fe7c28ce895,1,68.02,380.2,270.47,379.94,270.67,531.1,68.22,531.36,0555506635839349055557
2328987432_jpg.rf.74ccf2c0fe8c1a78fff6da44b1f7d918,0,293.52,302.13,337.09,303.44,335.97,340.63,292.41,339.32,
2328987432_jpg.rf.74ccf2c0fe8c1a78fff6da44b1f7d918,1,297.48,356.41,337.47,357.75,336.71,380.28,296.72,378.94,
5249052131_jpg.rf.83d478c50a85254ccea1e6c92ccda61d,0,331.27,463.11,378.02,464.15,376.3,541.52,329.55,540.48,http://mobile.thing-frankfurt.de/content/2010/besser-leben-im-westend
IMG_20220604_163746_jpg.rf.86df471cf9bd0e0a50a4b029022c0480,0,192.43,280.35,243.9,282.78,242.1,320.87,190.63,318.44,
v2MeCard-Address_png_jpg.rf.7ead788094b7162466b7939f2a3560d1,0,31.2,37.75,589.71,49.04,578.23,616.82,19.72,605.53,"MECARD:N:Standard11.2,Joe;ADR:,,5555 Any Street,San Diego,CA,92111,USA;;"
3251317632_jpg.rf.7b9708b48f87f155eff8095cd4e4555a,0,458.16,33.53,576.72,39.42,572.81,118.1,454.26,112.2,http://paperbits.net/tag/sketch
3251317632_jpg.rf.7b9708b48f87f155eff8095cd4e4555a,1,408.39,227.3,530.14,229.29,528.75,314.59,407.0,312.6,http://geohash.org/dree6fd60b24p/gpx
3251317632_jpg.rf.7b9708b48f87f155eff8095cd4e4555a,2,428.18,126.72,552.88,133.2,548.71,213.54,424.01,207.06,http://paperbits.net/tag/paperbits
3251317632_jpg.rf.7b9708b48f87f155eff8095cd4e4555a,3,378.15,327.97,511.82,335.04,507.0,426.13,373.33,419.06,http://bit.ly/iTyW
curvedimage031_jpg.rf.78e77b17f64b7d13c0c3377cfbd5b911,0,273.41,363.84,405.47,367.26,402.65,476.42,270.58,473.0,IPN:J68574-001 D/C:2017/10/13
1816_U7Jaw4AHC_jpg.rf.8b8e85deeaa8aa2585c8a820a3f70bc0,0,201.06,287.49,384.53,292.36,380.16,457.25,196.69,452.38,http://www.lubes.id/197/U7Jaw4AHC
curvedimage038_jpg.rf.74d359a9e046a819bb8bbf072b0847aa,0,317.18,250.17,511.14,253.83,507.21,462.13,313.25,458.46,IPN:J68574-001 D/C:2017/10/13
2237230336_jpg.rf.8262e82e7aad687426c0f48fc0241e8a,0,99.47,221.25,246.94,217.61,249.74,331.38,102.27,335.01,www.tagmore.com/esmadrid
2237230336_jpg.rf.8262e82e7aad687426c0f48fc0241e8a,1,116.87,399.72,142.03,401.58,140.66,420.11,115.5,418.24,
2237230336_jpg.rf.8262e82e7aad687426c0f48fc0241e8a,2,161.71,399.48,187.8,401.06,186.68,419.53,160.59,417.95,
2237230336_jpg.rf.8262e82e7aad687426c0f48fc0241e8a,3,208.73,397.88,234.23,400.82,232.01,420.06,206.51,417.11,
2237230336_jpg.rf.8262e82e7aad687426c0f48fc0241e8a,4,72.86,400.95,96.32,402.1,95.41,420.65,71.95,419.5,
2237230336_jpg.rf.8262e82e7aad687426c0f48fc0241e8a,5,251.97,398.04,276.76,399.84,275.44,417.97,250.65,416.16,
5281791066_jpg.rf.8a1b0f32aaf14ea17b520c360d81c3e3,0,424.1,451.56,576.75,461.32,572.43,528.79,419.78,519.03,http://www.thedaringlibrarian.com/
5281791066_jpg.rf.8a1b0f32aaf14ea17b520c360d81c3e3,1,414.12,278.75,554.28,283.66,552.22,342.54,412.06,337.63,http://www.thedaringlibrarian.com/
5281791066_jpg.rf.8a1b0f32aaf14ea17b520c360d81c3e3,2,395.85,347.61,546.22,348.08,546.03,407.55,395.67,407.08,http://www.thedaringlibrarian.com/
5281791066_jpg.rf.8a1b0f32aaf14ea17b520c360d81c3e3,3,389.87,180.68,540.55,178.21,541.48,234.77,390.8,237.24,http://www.thedaringlibrarian.com/
brightnessimage007_jpg.rf.914469d8fe35342d6e8b2806e6dfda45,0,430.25,257.92,533.56,258.23,533.32,340.78,430.0,340.47,Version 1 QR
brightnessimage007_jpg.rf.914469d8fe35342d6e8b2806e6dfda45,1,130.13,256.7,317.16,253.2,319.8,394.68,132.77,398.18,ABC 123456789 ABC 123456789 ABC 123456789 ABC 123456789 ABC 123456789 ABC 123456789 ABC 123456789 ABC 123456789 ABC 123456789 ABC 123456789 ABC 123456789 ABC 123456789 ABC 123456789 ABC 123456789 ABC 123456789
brightnessimage007_jpg.rf.914469d8fe35342d6e8b2806e6dfda45,2,386.0,368.36,501.56,370.39,500.03,457.26,384.47,455.22,Version 2 QR Code Test Image
5115608464_jpg.rf.93d0cc63035b913ed05a59831fa7f60e,0,128.96,433.13,209.69,434.13,208.29,547.11,127.56,546.11,http://bit.ly/apA62r
2124747258_jpg.rf.8cfd1e0925813c77047bddebc86ad777,0,278.18,450.29,414.31,457.1,408.26,578.14,272.13,571.33,Insert coin for extra life.
brightnessimage015_jpg.rf.9237bad22fa2e9b9b85f976f3d9f2663,0,297.95,294.16,344.59,297.0,342.53,330.9,295.89,328.07,
brightnessimage015_jpg.rf.9237bad22fa2e9b9b85f976f3d9f2663,1,361.57,295.75,390.64,298.05,388.99,318.89,359.92,316.58,
brightnessimage015_jpg.rf.9237bad22fa2e9b9b85f976f3d9f2663,2,353.38,320.17,384.37,322.19,382.82,345.96,351.83,343.94,
1491455255_jpg.rf.9f07d315ff00f33946fa716c154ad311,0,115.55,188.11,507.52,127.42,554.49,430.78,162.52,491.47,IT'S BACK ON DVD SEPTEMBER 10th
IMG_20220601_164907_jpg.rf.9be84448aee52e16bb87222ec4083c78,0,200.33,270.51,260.75,274.09,259.15,301.17,198.72,297.59,
5333766551_jpg.rf.9e7568714525ad5c4cf4f7e60e773672,0,195.65,148.86,442.52,176.21,406.15,504.5,159.28,477.15,
3705368440_jpg.rf.96bbd059adf6a698e82d6c85b9508f5c,0,143.09,317.35,286.06,320.47,282.06,503.84,139.09,500.72,http://www.mywikimap.net/urb013
monitorimage012_jpg.rf.965c131846b9a5efdf3fd5d62ba69d24,0,77.02,74.44,573.24,79.74,568.19,553.38,71.96,548.09,This is a computer generated QR Code
IMG_20220602_172811_jpg.rf.96562459e0df545a432f58be11787793,0,447.3,304.62,472.73,307.0,468.02,357.44,442.58,355.07,
IMG_20220602_172811_jpg.rf.96562459e0df545a432f58be11787793,1,404.83,303.9,428.16,305.89,423.88,356.12,400.55,354.13,
glareimage039_jpg.rf.a850aca27ff9d96eb31880d96d329dc9,0,103.7,108.13,518.18,117.07,509.48,520.27,95.0,511.32,http://www.youtube.com/watch?v=7qa6Bho4OyM&feature=share&list=PLk13TE2t32tgRCVo0q8tTB1CyZyMDQCNH&index=10
2928309549_jpg.rf.9936c021a5598a2949ebd92eff7e3431,0,263.98,241.54,374.6,240.89,375.4,377.26,264.79,377.92,http://avin.cc/m/AVIN1894536902599
nominalimage061_jpg.rf.9e4ea0238951a879c9a062e244af9d63,0,97.85,66.15,552.54,108.2,512.97,536.07,58.28,494.02,"{""lastNode"":""OAK5"",""cids"":{""pkey"":""180410194824527404022960201AZ""}}"
glareimage028_jpg.rf.a9e66f1b317a668ca9ad0714ae1841f4,0,113.98,245.06,493.75,235.2,500.68,501.83,120.9,511.69,
4589_W4wHVVfAB_jpg.rf.9f3694d0963e0a57debe285516fd4222,0,239.37,235.49,405.7,238.82,402.6,393.44,236.28,390.11,http://lubes.id/191/W4wHVVfAB
damagedimage026_jpg.rf.a77bcca0029867908e37110fc3130e17,0,117.89,132.21,537.83,162.21,510.11,550.13,90.17,520.12,
rotationsimage037_jpg.rf.9e4ac6a2ab85a4a846f5bf3ecd1b7c31,0,347.56,216.28,595.86,269.42,564.8,414.5,316.51,361.36,ABC 123456789 ABC 123456789 ABC 123456789 ABC 123456789 ABC 123456789 ABC 123456789 ABC 123456789 ABC 123456789 ABC 123456789 ABC 123456789 ABC 123456789 ABC 123456789 ABC 123456789 ABC 123456789 ABC 123456789
rotationsimage037_jpg.rf.9e4ac6a2ab85a4a846f5bf3ecd1b7c31,1,66.27,317.91,258.84,302.89,267.7,416.39,75.12,431.41,Version 2 QR Code Test Image
rotationsimage037_jpg.rf.9e4ac6a2ab85a4a846f5bf3ecd1b7c31,2,179.11,436.83,357.4,423.59,367.01,552.96,188.72,566.21,Version 1 QR
5046634041_jpg.rf.98475e2a7735e91ec7d7e5ea60f037de,0,101.04,353.27,200.03,347.24,209.23,498.3,110.24,504.34,http://semapedia.org/v/In_vitro_meat
noncompliantimage007_jpg.rf.ab42b28ea6a4bf1b3fceed0cc9897543,0,82.84,120.55,564.71,115.73,568.78,522.5,86.91,527.32,http://www.radians.com/sizing_charts/
2502803272_jpg.rf.a0814d4bdd8ca5eda54e63db411f249a,0,299.47,359.55,340.04,354.57,346.42,406.53,305.86,411.51,
3963140847_jpg.rf.a391e2b49ad93c4a876d7cf1f294d795,0,106.64,245.17,460.9,229.3,472.4,486.04,118.14,501.91,http://www.qrable.mobi/dc/cd/3
IMG_20220529_155829_jpg.rf.a0224b4e02994cf685f61ee69426c510,,,,,,,,,,
bright_spotsimage027_jpg.rf.9c0d3d9d009b76eb648d6793c6a1be7c,0,446.8,256.93,546.55,257.41,546.15,339.42,446.4,338.95,Version 1 QR
bright_spotsimage027_jpg.rf.9c0d3d9d009b76eb648d6793c6a1be7c,1,399.68,364.44,509.89,367.24,507.64,455.63,397.43,452.83,Version 2 QR Code Test Image
bright_spotsimage027_jpg.rf.9c0d3d9d009b76eb648d6793c6a1be7c,2,147.63,250.38,338.25,250.41,338.22,397.12,147.61,397.08,ABC 123456789 ABC 123456789 ABC 123456789 ABC 123456789 ABC 123456789 ABC 123456789 ABC 123456789 ABC 123456789 ABC 123456789 ABC 123456789 ABC 123456789 ABC 123456789 ABC 123456789 ABC 123456789 ABC 123456789
3629982702_jpg.rf.aeef4fa30e5f110449565fbab31ffa6a,0,364.06,465.78,479.58,465.21,480.02,553.96,364.5,554.53,
high_versionimage013_jpg.rf.9de34b7211214c83bc8d2c1be00bc577,0,41.56,40.92,585.83,46.22,580.58,585.55,36.3,580.25,"QR code (abbreviated from Quick Response Code) is the trademark for a type of matrix barcode (or two-dimensional barcode) first designed in 1994 for the automotive industry in Japan.[1] A barcode is a machine-readable optical label that contains information about the item to which it is attached. In practice, QR codes often contain data for a locator, identifier, or tracker that points to a website or application. A QR code uses four standardized encoding modes (numeric, alphanumeric, byte/binary, and kanji) to store data efficiently; extensions may also be used.[2]
sdfgksjdflkgjsdkfgiotmbx,cmvbofghjoaasdfaERYYKLLDFGSDFFFFFFFFFFFFFFFFFFFFFF"
3619033023_jpg.rf.a695f035e91c387fcab1959e9dce5377,0,283.41,216.33,409.31,218.45,406.1,408.59,280.2,406.47,
4909615867_jpg.rf.b300130b2ed975f2f6549882e482947b,0,124.12,307.8,183.25,310.28,177.6,445.04,118.47,442.56,
4909615867_jpg.rf.b300130b2ed975f2f6549882e482947b,1,442.04,342.86,474.54,342.08,475.49,381.3,442.98,382.09,
4909615867_jpg.rf.b300130b2ed975f2f6549882e482947b,2,276.57,264.45,314.65,265.83,313.08,309.4,274.99,308.02,
5087637776_jpg.rf.b1ea835033846ea31e3448988808b587,0,115.2,393.38,160.07,393.21,160.38,473.32,115.51,473.49,http://www.kinogeschichte.at/weg/1.htm
closeimage034_jpg.rf.b155404807055000891c63d760fa23cd,0,29.44,95.65,623.14,92.96,625.22,549.94,31.51,552.64,VERSION 2 8CM
0939831659_jpg.rf.ae54772a5d31f7ddd7b332121fc80331,0,123.71,139.51,448.67,139.63,448.59,376.78,123.62,376.66,
5323776057_jpg.rf.a0e5dfc8b5157b7af8099da35178c08c,0,114.01,195.8,161.44,194.31,165.34,317.88,117.91,319.38,http://bit.ly/ebNiLA?r=qr
pathologicalimage012_png_jpg.rf.b9a6a87681494eab71a6838269d0de3a,0,50.83,45.68,583.86,51.49,577.97,591.22,44.95,585.41,MAILTO:name@myemail.com
v2SMS-Text_png_jpg.rf.adcf9a65a3967bcf580a41b7abf76383,0,65.12,43.0,601.14,58.64,585.45,596.52,49.43,580.88,SMS:555-123-5555
3756525934_jpg.rf.b6d8e6039c0db35c5b3124d61224a1b9,0,190.8,316.97,239.67,317.73,238.4,399.66,189.52,398.9,http://9.msite.tv/qr7
4903125175_jpg.rf.b6e6893fb1ce28897977e34a54b6556e,0,173.21,216.68,321.0,219.96,317.09,396.5,169.3,393.23,http://organicallyspeaking.org/pccqr/?id=33
2953726003_jpg.rf.b844849c5a41968de365466a1b128baa,0,242.76,144.45,477.06,135.24,489.04,439.66,254.73,448.87,
v2Location_png_jpg.rf.ba95bf921ec780dc1755cfff548e36c5,0,55.51,41.96,601.69,55.67,587.91,604.36,41.73,590.65,"geo:32.81361685253009,-117.15371310710907"
v2MeCard-POBOX_png_jpg.rf.b1931b5d8289983784595628f9e44051,0,35.84,27.56,611.73,45.9,593.13,630.05,17.24,611.71,"MECARD:N:Standard11.3,Joe;ADR:PO Box 555,Suite 55,5555 Any Street,San Diego,CA,92111,USA;;"
5108332243_jpg.rf.b95d3ad4d3b4f1a0b4349f67c0c885f1,0,342.39,178.06,508.88,171.69,513.4,289.97,346.91,296.34,http://tinyurl.com/y53ay4n
5108332243_jpg.rf.b95d3ad4d3b4f1a0b4349f67c0c885f1,1,344.9,397.7,519.17,394.02,521.93,525.18,347.67,528.86,http://www.quiqr.it/createQRcodes
2644723709_jpg.rf.b9f1e9f74e8686f709e14455601f84a5,0,233.38,249.61,388.48,250.37,387.49,451.54,232.39,450.77,http://www.suijobus.co.jp/i/
5236047029_jpg.rf.bd0bb8f934df90fa80ff5663ccfab957,0,380.4,345.32,457.32,347.79,454.06,449.17,377.14,446.7,http://quintale.ethicalbean.com/q.php?EB100651
4208902494_jpg.rf.b843af79c588d9794fdbd2bbe395d74f,0,208.95,237.44,278.49,237.8,278.02,329.68,208.48,329.32,http://bit.ly/LookAtThatTree
4208902494_jpg.rf.b843af79c588d9794fdbd2bbe395d74f,1,147.93,266.07,201.09,266.25,200.86,333.42,147.7,333.24,http://www.CaptinShmit.com/
nominalimage024_jpg.rf.ba79bd94ad09efc8330a27dc3a7be51b,0,401.07,176.21,492.14,174.48,493.42,241.48,402.34,243.21,https://mobile-now.us/?l=10043659
0216655434_jpg.rf.b6085f9879affbd12145bf5e17aed6c4,0,191.44,175.4,403.91,150.33,440.4,459.62,227.93,484.69,
brightnessimage010_jpg.rf.bb2d48c7aeb67ab8c9b03aa0dbbfe923,0,419.71,250.9,526.43,250.48,526.74,330.92,420.02,331.33,Version 1 QR
brightnessimage010_jpg.rf.bb2d48c7aeb67ab8c9b03aa0dbbfe923,1,376.64,358.39,495.13,360.14,493.84,447.16,375.35,445.41,Version 2 QR Code Test Image
brightnessimage010_jpg.rf.bb2d48c7aeb67ab8c9b03aa0dbbfe923,2,118.14,245.92,311.53,242.63,313.98,387.05,120.6,390.34,ABC 123456789 ABC 123456789 ABC 123456789 ABC 123456789 ABC 123456789 ABC 123456789 ABC 123456789 ABC 123456789 ABC 123456789 ABC 123456789 ABC 123456789 ABC 123456789 ABC 123456789 ABC 123456789 ABC 123456789
blurredimage035_jpg.rf.bff63005fb38b3e8dc8344c82973dea8,0,80.55,107.71,551.97,112.02,547.8,567.94,76.38,563.63,http://www.postalexperience.com/pos?mt=4&sc=840-5940-0244-002-00006-80522-02
2546726482_jpg.rf.c1a75be3c6353c17651c90548a6a6310,,,,,,,,,,
IMG_20220604_163800_jpg.rf.bb20781bc2c76433c76bc419078c4488,0,347.06,391.03,383.98,397.8,377.94,430.8,341.01,424.03,
perspectiveimage023_jpg.rf.bdbaa0d3c45a3acfa989251622113d51,0,200.65,190.16,337.71,190.16,337.7,414.05,200.64,414.04,TEST 10 CM
IMG_20220601_161944_jpg.rf.c108fa5e096bf547588e70024554d580,,,,,,,,,,
nominalimage009_jpg.rf.c2a66082b9fe1e2227fc287c9e92d2b3,0,241.41,116.96,456.14,110.07,467.26,456.5,252.52,463.39,http://www.facebook.com/LangersJuice
IMG_20220604_163726_jpg.rf.b4eda79229c1879f721266dde275eb9b,0,257.21,247.86,303.86,248.51,303.36,283.76,256.72,283.11,https://qrco.de/bcOjOo
glareimage032_jpg.rf.bac41a6e5f3e332e9cee0c000ddf3172,0,297.4,287.28,364.19,285.27,365.55,330.6,298.76,332.61,
5280793712_jpg.rf.c08c284bfb6eee1788f183d77ad8931a,0,322.23,94.0,355.14,85.98,365.46,128.32,332.55,136.35,
shadowsimage007_jpg.rf.bd4591ab582e844b86e1271c4c0fcc33,0,204.49,378.73,259.88,380.64,258.35,424.78,202.97,422.87,HTTPS://NUTS.COM/QR/retail_piece/51707477?sku=7030-01
5176847124_jpg.rf.c4fa6e9933755a27cf79ededc14d7271,,,,,,,,,,
nominalimage001_jpg.rf.c30d2725e90aa4411b78ddaa7409d943,0,368.81,167.79,461.94,162.23,470.81,310.94,377.69,316.49,https://www.instagram.com/lethmik/
nominalimage001_jpg.rf.c30d2725e90aa4411b78ddaa7409d943,1,244.55,179.96,327.55,178.58,329.93,322.05,246.93,323.43,https://www.facebook.com/Lethmik/
3360044712_jpg.rf.cdba0aaf13820972927b8bffa0f0242c,0,125.63,334.12,239.61,328.49,244.04,418.32,130.06,423.95,URL:http://www.cityofmanor.org/smartcode/smartcode5
5147145047_jpg.rf.c702d68241195065451530b157d8bbfb,,,,,,,,,,
5118583876_jpg.rf.c8550e6733e1d67ece1291e02f9264f8,0,452.4,408.66,502.34,406.29,505.82,479.42,455.87,481.8,http://pcb.fm/od/11
5118583876_jpg.rf.c8550e6733e1d67ece1291e02f9264f8,1,154.32,329.43,257.14,329.06,257.69,479.62,154.87,479.99,http://pcb.fm/od/9
5118583876_jpg.rf.c8550e6733e1d67ece1291e02f9264f8,2,315.87,196.69,342.4,197.3,341.43,239.57,314.9,238.96,
5082957881_jpg.rf.d5fa8768c47ce4b384c5ef2b222e5843,0,300.69,275.86,455.41,246.61,484.56,400.78,329.84,430.03,http://www.fyrca.com/ZooMobile/zooindx.php?ZooID=2
nominalimage047_jpg.rf.ceb0b3102a94c6fe09c7140899ae159a,0,404.2,369.39,506.84,423.39,440.64,549.21,338.0,495.21,http://www.boschautoparts.com/qr/icon.aspx
nominalimage047_jpg.rf.ceb0b3102a94c6fe09c7140899ae159a,1,192.24,117.92,320.78,149.52,283.03,303.03,154.5,271.42,http://www.boschautoparts.com/qr/icon.aspx
5082956763_jpg.rf.c9ed03da41487beb68c58d2d068625bc,0,183.06,243.27,250.88,241.83,252.88,336.48,185.06,337.91,http://www.fyrca.com/ZooMobile/zooindx.php?ZooID=7
3821619799_jpg.rf.d06ed1a251533907c2a7131ef8c2a59c,,,,,,,,,,
4340207281_jpg.rf.d50691f8e83990c2233ffc1c19122096,0,281.09,222.66,366.41,223.19,365.99,291.2,280.67,290.68,http://www.digitalscarborough.org
pathologicalimage020_png_jpg.rf.d46850c425c313de9c882112db7cdc1e,0,57.82,45.97,602.66,53.58,595.24,585.12,50.4,577.52,MAILTO:name@myemail.com
4910229396_jpg.rf.cc39045a286a82a0f0f754cb5b558232,0,73.2,424.92,302.78,351.12,342.65,475.16,113.08,548.97,http://dlpc.es/gpjk
5327276296_jpg.rf.d5efdc680c17cfdc2027e8c8dbf4fbab,0,381.0,257.02,472.69,245.15,483.86,331.47,392.17,343.33,
2455051979_jpg.rf.cc3bfc213138a3c0846121175a7ec572,0,203.7,307.55,304.0,306.06,305.89,433.5,205.59,434.99,http://tracklets.com/i/278927840
2455051979_jpg.rf.cc3bfc213138a3c0846121175a7ec572,1,344.22,356.18,368.52,354.83,370.25,385.83,345.95,387.18,
4777193629_jpg.rf.d798f54867a4f83d5d1fcf9386fff1e5,0,549.11,502.19,601.02,501.64,601.82,576.88,549.91,577.43,http://mobile.schirn.de/zelluloid/
v2YouTube_png_jpg.rf.dd429c693269e51a0df36ffd4741d766,0,52.46,33.21,597.12,47.29,582.94,595.47,38.29,581.39,http://www.youtube.com/v/B3lrcOhmp9g
4604299999_jpg.rf.d656de8c969f36bd3de510092ad99c8c,0,311.33,283.07,389.79,282.64,390.3,375.85,311.84,376.28,http://qrc.me/uKSsi
4604299999_jpg.rf.d656de8c969f36bd3de510092ad99c8c,1,471.7,138.77,544.33,141.58,541.71,209.34,469.08,206.53,http://qrc.me/2fpvB
4604299999_jpg.rf.d656de8c969f36bd3de510092ad99c8c,2,215.13,136.75,283.32,146.23,274.29,211.12,206.11,201.64,http://qrc.me/jTNmM
4604299999_jpg.rf.d656de8c969f36bd3de510092ad99c8c,3,463.17,36.62,524.66,42.84,518.94,99.41,457.44,93.19,http://qrc.me/XaqtU
4604299999_jpg.rf.d656de8c969f36bd3de510092ad99c8c,4,220.19,38.66,280.95,36.67,282.86,95.12,222.1,97.11,http://qrc.me/WLttG
3244197493_jpg.rf.ddfd7e433debffaec71f66036d5fb762,0,391.79,177.85,473.8,177.9,473.73,290.58,391.72,290.53,http://www.mission-n.blogspot.com/
4064425091_jpg.rf.d2d93be0b07787ec67c4a22e3ff041b1,0,424.05,219.9,551.65,224.24,546.16,385.87,418.56,381.54,http://mobile.baerenpark-bern.ch/qrcode
3430305612_jpg.rf.c6bbffd0b8046c68c5ed450197fac44a,0,43.01,88.13,181.78,91.57,177.17,277.58,38.4,274.14,"que ódio que ódio que ódio que ódio que ódio que ódio que ódio que ódio que ódio que ódio que ódio que ódio que ódio aaaah x.x
Feb 27, 2009 02:15 AM GMT · from web · Reply · View Tweet
"
closeimage024_jpg.rf.d883b1c92ebdd08f7ce8cb075c740985,0,35.69,190.74,620.5,182.76,625.95,582.13,41.14,590.11,VERSION 2 8CM
2159301588_jpg.rf.d342c86b1f6d861ff2e0664e665e31ac,0,529.53,70.28,604.36,96.23,570.79,193.05,495.95,167.11,http://q-r.ch/c/phjbkge
3866514673_jpg.rf.de362e512d81698ddf595289a8843da0,0,274.63,247.59,376.24,246.97,377.06,380.59,275.45,381.21,"UM61532333, 10, -3, 14, -8, 15, 15,7V,67VA9885CW, "
high_versionimage007_jpg.rf.d7edf7b2a249a8b1b34d10016f3805d6,0,6.07,19.1,608.16,34.75,592.72,628.85,-9.36,613.21,"QR code (abbreviated from Quick Response Code) is the trademark for a type of matrix barcode (or two-dimensional barcode) first designed in 1994 for the automotive industry in Japan.[1] A barcode is a machine-readable optical label that contains information about the item to which it is attached. In practice, QR codes often contain data for a locator, identifier, or tracker that points to a website or application. A QR code uses four standardized encoding modes (numeric, alphanumeric, byte/binary, and kanji) to store data efficiently; extensions may also be used.[2]
sdfgksjdflkgjsdkfgiotmbx,cmvbofghjoaasdfaERYYKLLDFGSDFFFFFFFFFFFFFFFFFFFFFFFFDDDDDDDDDSVFB094856JLKSJFGS0DBIUZKL;KSFDF09846JLKSDNFGBLDKSFBHJ0SP98ASDFKthat contains information about the item to which it is attached. In practice, QR codes often contain data for a locator, identifier, or trac"
rotationsimage009_jpg.rf.d32613f5ff235026bf5b1216960e2a61,0,129.37,297.09,257.42,287.01,265.06,384.08,137.01,394.16,Version 1 QR
rotationsimage009_jpg.rf.d32613f5ff235026bf5b1216960e2a61,1,323.01,346.56,582.21,359.17,572.76,553.37,313.57,540.76,ABC 123456789 ABC 123456789 ABC 123456789 ABC 123456789 ABC 123456789 ABC 123456789 ABC 123456789 ABC 123456789 ABC 123456789 ABC 123456789 ABC 123456789 ABC 123456789 ABC 123456789 ABC 123456789 ABC 123456789
rotationsimage009_jpg.rf.d32613f5ff235026bf5b1216960e2a61,2,262.41,204.23,403.12,210.25,398.46,319.01,257.76,312.99,Version 2 QR Code Test Image
noncompliantimage009_jpg.rf.dd219cd9f5b3b5daf37c1e3edfc35289,0,12.06,240.44,302.88,225.66,321.52,592.47,30.7,607.25,http://q-r.to/bafD2I
noncompliantimage009_jpg.rf.dd219cd9f5b3b5daf37c1e3edfc35289,1,355.02,35.59,615.14,24.62,629.79,372.14,369.68,383.11,http://q-r.to/baf6RY
nominalimage020_jpg.rf.cc5543503f1a6003812863b27f3422a6,0,191.56,220.5,411.97,201.72,442.89,564.58,222.48,583.36,http://www.teagoetz.com/
IMG_20220604_170007_jpg.rf.e0d78bb71eb3a46d901fde8cc76bb434,0,365.57,389.73,506.01,510.53,437.25,590.47,296.81,469.66,https://search.google.com/local/writereview?placeid=ChIJ8U-VJHC9yJQRxQIO-XTOEC0
5107382908_jpg.rf.e04bc939e840bca3d33baece1b133f1d,0,483.22,221.48,511.38,221.59,511.22,262.79,483.06,262.69,
5107382908_jpg.rf.e04bc939e840bca3d33baece1b133f1d,1,404.23,322.82,428.99,322.71,429.13,355.32,404.37,355.42,
5107382908_jpg.rf.e04bc939e840bca3d33baece1b133f1d,2,379.75,235.55,401.4,235.51,401.46,269.38,379.82,269.42,
5107382908_jpg.rf.e04bc939e840bca3d33baece1b133f1d,3,432.15,476.23,466.57,477.07,464.56,559.96,430.14,559.13,
glareimage042_jpg.rf.e0a27ceb292f70530f4669e746fbcc6c,0,99.05,95.19,564.93,99.73,560.85,517.41,94.98,512.87,http://www.youtube.com/watch?v=7qa6Bho4OyM&feature=share&list=PLk13TE2t32tgRCVo0q8tTB1CyZyMDQCNH&index=10
IMG_20220601_164125_jpg.rf.e13cbce83537449ac00fc3d0002ae5dc,0,224.45,409.81,340.03,409.2,340.41,481.64,224.84,482.25,
IMG_20220601_162818_jpg.rf.e06e0bc9ea6dceab4b5858ea678af26e,0,292.9,431.68,344.49,436.85,341.19,469.8,289.6,464.63,https://qrco.de/bcyCyl
damagedimage011_jpg.rf.0209d40c670124ff4bd3f5404073a549,0,248.29,438.25,395.18,447.73,388.05,558.21,241.16,548.74,amzn.to/socialqr
4711677723_jpg.rf.02d2fddcfe5cd7b533d9e7183356cc90,0,135.25,409.08,183.22,408.05,185.17,498.37,137.2,499.41,http://www.kinogeschichte.at/weg/
2685217495_jpg.rf.05b566f46421c8320dff7317f6ee45a6,0,527.87,488.14,595.86,486.51,597.11,538.61,529.12,540.24,http://mobile.hitmanmovie.co.uk
rotationsimage038_jpg.rf.0129cce59fb90c658f19910781f052a6,0,284.84,434.46,441.58,458.12,424.03,574.44,267.28,550.78,Version 1 QR
rotationsimage038_jpg.rf.0129cce59fb90c658f19910781f052a6,1,329.02,217.73,560.11,241.29,547.07,369.21,315.98,345.65,ABC 123456789 ABC 123456789 ABC 123456789 ABC 123456789 ABC 123456789 ABC 123456789 ABC 123456789 ABC 123456789 ABC 123456789 ABC 123456789 ABC 123456789 ABC 123456789 ABC 123456789 ABC 123456789 ABC 123456789
rotationsimage038_jpg.rf.0129cce59fb90c658f19910781f052a6,2,93.11,345.77,274.7,334.21,282.45,455.91,100.86,467.46,Version 2 QR Code Test Image
2237234158_jpg.rf.06be162f24ef03cbf94cf930df942b20,0,263.5,294.61,363.58,294.69,363.52,373.68,263.43,373.6,www.tagmore.com/esmadrid
2237234158_jpg.rf.06be162f24ef03cbf94cf930df942b20,1,367.37,412.34,379.89,414.04,378.35,425.41,365.82,423.71,
2237234158_jpg.rf.06be162f24ef03cbf94cf930df942b20,2,309.56,413.25,323.63,414.17,322.91,425.16,308.85,424.24,
2237234158_jpg.rf.06be162f24ef03cbf94cf930df942b20,3,252.34,415.46,262.36,410.64,268.47,423.33,258.45,428.16,
2237234158_jpg.rf.06be162f24ef03cbf94cf930df942b20,4,337.54,413.49,351.64,414.63,350.82,424.89,336.71,423.75,
2237234158_jpg.rf.06be162f24ef03cbf94cf930df942b20,5,280.48,414.36,295.32,415.55,294.38,427.33,279.53,426.14,
nominalimage036_jpg.rf.0616b77e1fbf5a0f7ad0145700588a3c,0,267.81,284.63,405.87,282.27,407.7,389.08,269.64,391.45,http://weixin.qq.com/r/FnUnPxnE2kSlrV1c9yAE
2126492131_jpg.rf.02bed3d95fea6b4905d6ffac0b3a86ab,0,120.29,116.79,369.71,123.91,362.61,372.62,113.19,365.5,http://semapedia.org/v/Pillow
5081893983_jpg.rf.0279d3655363a306860fd7a0c7375096,0,313.63,451.02,398.44,449.91,399.5,530.71,314.7,531.82,http://qrc.me/yvvkz
curvedimage011_jpg.rf.0149c313037ead728abdb7023844cf95,0,212.81,246.25,431.77,231.24,442.14,382.57,223.18,397.58,
damagedimage006_jpg.rf.070c13e5daef2e57aa1987a5d80ec93d,0,186.83,312.66,368.79,175.91,528.53,388.46,346.57,525.21,amzn.to/socialqr
curvedimage024_jpg.rf.0a0655c190bda0c918170899814ed51b,0,303.7,107.42,588.15,93.44,599.8,330.43,315.34,344.41,Test 03
curvedimage024_jpg.rf.0a0655c190bda0c918170899814ed51b,1,197.87,390.75,433.93,383.35,438.94,543.09,202.88,550.49,
lotsimage002_jpg.rf.0925323210e66ade731adcae09e5b1c0,0,470.28,146.9,524.61,152.46,520.47,192.9,466.14,187.34,Enough
lotsimage002_jpg.rf.0925323210e66ade731adcae09e5b1c0,1,108.8,259.06,161.83,263.12,158.85,302.09,105.82,298.04,Test 02
lotsimage002_jpg.rf.0925323210e66ade731adcae09e5b1c0,2,550.16,228.66,607.04,233.79,603.37,274.54,546.48,269.41,Test 02
lotsimage002_jpg.rf.0925323210e66ade731adcae09e5b1c0,3,236.36,233.3,288.98,237.26,286.01,276.71,233.39,272.74,are
lotsimage002_jpg.rf.0925323210e66ade731adcae09e5b1c0,4,132.1,172.01,184.4,173.79,183.07,212.92,130.77,211.14,lalala
lotsimage002_jpg.rf.0925323210e66ade731adcae09e5b1c0,5,443.93,186.96,498.27,192.33,494.08,234.67,439.74,229.3,bayleaf
lotsimage002_jpg.rf.0925323210e66ade731adcae09e5b1c0,6,524.44,166.21,580.31,172.29,575.83,213.5,519.96,207.42,Test
lotsimage002_jpg.rf.0925323210e66ade731adcae09e5b1c0,7,334.15,249.09,390.29,254.67,386.27,295.17,330.12,289.59,Test
lotsimage002_jpg.rf.0925323210e66ade731adcae09e5b1c0,8,260.4,145.64,312.45,149.94,309.28,188.23,257.23,183.92,Test 02
lotsimage002_jpg.rf.0925323210e66ade731adcae09e5b1c0,9,76.35,163.57,127.65,166.69,125.24,206.37,73.94,203.25,nEeeDeD
lotsimage002_jpg.rf.0925323210e66ade731adcae09e5b1c0,10,203.57,137.7,253.53,140.86,251.12,179.06,201.16,175.9,Test 01
lotsimage002_jpg.rf.0925323210e66ade731adcae09e5b1c0,11,89.37,461.74,144.48,456.61,148.12,495.67,93.0,500.8,are
lotsimage002_jpg.rf.0925323210e66ade731adcae09e5b1c0,12,52.2,251.35,104.7,253.94,102.74,293.5,50.25,290.91,Test 01
lotsimage002_jpg.rf.0925323210e66ade731adcae09e5b1c0,13,389.99,266.52,442.43,276.15,435.02,316.46,382.59,306.83,New
lotsimage002_jpg.rf.0925323210e66ade731adcae09e5b1c0,14,469.02,248.8,525.54,255.07,521.13,294.79,464.61,288.51,altoids
lotsimage002_jpg.rf.0925323210e66ade731adcae09e5b1c0,15,418.51,227.0,471.0,236.88,463.52,276.65,411.02,266.77,lalala
lotsimage002_jpg.rf.0925323210e66ade731adcae09e5b1c0,16,203.06,564.26,258.45,560.74,260.98,600.63,205.59,604.14,New
lotsimage002_jpg.rf.0925323210e66ade731adcae09e5b1c0,17,523.73,267.21,580.71,274.86,575.05,317.01,518.07,309.35,kooTEK
lotsimage002_jpg.rf.0925323210e66ade731adcae09e5b1c0,18,54.45,426.53,106.86,422.72,109.69,461.7,57.28,465.5,Enough
lotsimage002_jpg.rf.0925323210e66ade731adcae09e5b1c0,19,265.9,407.12,319.79,410.46,317.23,451.58,263.35,448.23,nEeeDeD
lotsimage002_jpg.rf.0925323210e66ade731adcae09e5b1c0,20,171.75,467.21,226.55,464.97,228.17,504.49,173.36,506.73,altoids
lotsimage002_jpg.rf.0925323210e66ade731adcae09e5b1c0,21,580.32,185.65,635.99,195.25,628.96,235.97,573.29,226.36,New
lotsimage002_jpg.rf.0925323210e66ade731adcae09e5b1c0,22,99.53,395.29,154.12,396.63,153.15,436.2,98.56,434.86,Test 03
lotsimage002_jpg.rf.0925323210e66ade731adcae09e5b1c0,23,211.85,499.97,266.91,500.09,266.83,538.18,211.77,538.06,Test 01
lotsimage002_jpg.rf.0925323210e66ade731adcae09e5b1c0,24,143.41,369.17,195.51,368.86,195.73,407.5,143.64,407.81,Test 02
lotsimage002_jpg.rf.0925323210e66ade731adcae09e5b1c0,25,86.32,120.77,140.14,124.02,137.81,162.53,83.99,159.28,hudson
lotsimage002_jpg.rf.0925323210e66ade731adcae09e5b1c0,26,156.11,83.73,208.11,86.53,205.97,126.31,153.97,123.51,Enough
lotsimage002_jpg.rf.0925323210e66ade731adcae09e5b1c0,27,178.13,225.25,229.17,228.1,227.0,267.04,175.96,264.19,Words
lotsimage002_jpg.rf.0925323210e66ade731adcae09e5b1c0,28,142.95,128.62,196.61,131.65,194.42,170.34,140.76,167.3,bayleaf
lotsimage002_jpg.rf.0925323210e66ade731adcae09e5b1c0,29,387.42,169.02,444.98,173.25,442.07,212.81,384.51,208.57,hudson
lotsimage002_jpg.rf.0925323210e66ade731adcae09e5b1c0,30,248.91,533.78,306.18,535.24,305.16,575.07,247.89,573.61,Test
lotsimage002_jpg.rf.0925323210e66ade731adcae09e5b1c0,31,496.74,305.96,553.12,315.85,545.7,358.17,489.32,348.28,are
lotsimage002_jpg.rf.0925323210e66ade731adcae09e5b1c0,32,125.28,495.53,179.09,489.13,183.81,528.8,130.0,535.2,kooTEK
lotsimage002_jpg.rf.0925323210e66ade731adcae09e5b1c0,33,257.23,472.05,310.19,472.23,310.05,512.2,257.09,512.02,bayleaf
lotsimage002_jpg.rf.0925323210e66ade731adcae09e5b1c0,34,120.87,217.8,171.86,219.43,170.63,257.89,119.64,256.26,New
lotsimage002_jpg.rf.0925323210e66ade731adcae09e5b1c0,35,362.04,307.76,416.9,316.36,410.51,357.14,355.65,348.55,Test 02
lotsimage002_jpg.rf.0925323210e66ade731adcae09e5b1c0,36,62.53,208.27,115.92,210.04,114.63,249.08,61.24,247.32,Test
lotsimage002_jpg.rf.0925323210e66ade731adcae09e5b1c0,37,224.08,278.86,276.37,280.92,274.82,320.43,222.52,318.38,Enough
lotsimage002_jpg.rf.0925323210e66ade731adcae09e5b1c0,38,467.18,348.31,525.69,355.59,520.47,397.54,461.96,390.26,Enough
lotsimage002_jpg.rf.0925323210e66ade731adcae09e5b1c0,39,300.86,445.37,357.94,445.56,357.81,483.7,300.73,483.51,hudson
lotsimage002_jpg.rf.0925323210e66ade731adcae09e5b1c0,40,308.18,288.31,363.63,295.56,358.3,336.33,302.85,329.09,Test 01
lotsimage002_jpg.rf.0925323210e66ade731adcae09e5b1c0,41,213.52,91.19,267.86,95.53,264.59,136.41,210.25,132.06,Test
lotsimage002_jpg.rf.0925323210e66ade731adcae09e5b1c0,42,443.56,285.9,497.11,296.75,488.96,336.96,435.41,326.11,Words
lotsimage002_jpg.rf.0925323210e66ade731adcae09e5b1c0,43,361.24,206.83,417.2,214.65,411.49,255.55,355.53,247.74,nEeeDeD
lotsimage002_jpg.rf.0925323210e66ade731adcae09e5b1c0,44,189.68,180.18,242.93,183.35,240.53,223.64,187.27,220.47,altoids
lotsimage002_jpg.rf.0925323210e66ade731adcae09e5b1c0,45,496.68,208.36,552.82,213.61,549.05,253.93,492.91,248.67,Test 01
lotsimage002_jpg.rf.0925323210e66ade731adcae09e5b1c0,46,165.59,267.64,219.56,270.61,217.29,311.87,163.31,308.9,Test 03
lotsimage002_jpg.rf.0925323210e66ade731adcae09e5b1c0,47,179.99,405.32,235.53,402.18,237.73,441.13,182.2,444.27,New
lotsimage002_jpg.rf.0925323210e66ade731adcae09e5b1c0,48,294.59,505.61,350.36,508.08,348.57,548.44,292.8,545.97,Enough
lotsimage002_jpg.rf.0925323210e66ade731adcae09e5b1c0,49,271.24,101.82,324.23,104.55,322.2,144.08,269.21,141.35,New
lotsimage002_jpg.rf.0925323210e66ade731adcae09e5b1c0,50,134.39,433.42,186.6,428.21,190.56,467.84,138.35,473.05,Words
lotsimage002_jpg.rf.0925323210e66ade731adcae09e5b1c0,51,248.48,188.52,301.82,192.3,298.96,232.71,245.61,228.93,kooTEK
lotsimage002_jpg.rf.0925323210e66ade731adcae09e5b1c0,52,96.91,73.97,150.6,78.37,147.38,117.69,93.69,113.28,Test 03
lotsimage002_jpg.rf.0925323210e66ade731adcae09e5b1c0,53,417.36,126.47,471.54,132.37,467.12,172.97,412.94,167.07,Test 03
lotsimage002_jpg.rf.0925323210e66ade731adcae09e5b1c0,54,413.97,328.72,468.6,332.89,465.34,375.66,410.71,371.49,Test 03
lotsimage002_jpg.rf.0925323210e66ade731adcae09e5b1c0,55,164.68,526.83,219.53,526.11,220.07,566.88,165.22,567.6,Test 02
lotsimage002_jpg.rf.0925323210e66ade731adcae09e5b1c0,56,227.35,374.42,283.74,376.83,282.02,417.2,225.63,414.79,Test
lotsimage002_jpg.rf.0925323210e66ade731adcae09e5b1c0,57,338.04,480.41,395.93,480.01,396.21,520.14,338.32,520.55,Test 03
lotsimage002_jpg.rf.0925323210e66ade731adcae09e5b1c0,58,219.06,438.86,274.24,435.9,276.37,475.47,221.18,478.43,lalala
lotsimage002_jpg.rf.0925323210e66ade731adcae09e5b1c0,59,191.03,341.69,242.63,341.78,242.56,380.64,190.96,380.55,Test 01
